stt,bdate,hocvan,thunhap,luongkd,thoigianlv,kinhnghiem,gioi,gioitinh,nu,chucvu,nhanvien,truongnhom,quanly,bangcap,tuoi,luongthang
1,2/3/1952,15,57000,27000,98,144,m,1,0,3,0,0,1,3,39,4750
2,5/23/1958,16,40200,18750,98,36,m,1,0,1,1,0,0,4,33,3350
3,7/26/1929,12,21450,12000,98,381,f,0,1,1,1,0,0,2,62,1787.5
4,4/15/1947,8,21900,13200,98,190,f,0,1,1,1,0,0,1,44,1825
5,2/9/1955,15,45000,21000,98,138,m,1,0,1,1,0,0,3,36,3750
6,8/22/1958,15,32100,13500,98,67,m,1,0,1,1,0,0,3,33,2675
7,4/26/1956,15,36000,18750,98,114,m,1,0,1,1,0,0,3,35,3000
8,5/6/1966,12,21900,9750,98,0,f,0,1,1,1,0,0,2,25,1825
9,1/23/1946,15,27900,12750,98,115,f,0,1,1,1,0,0,3,45,2325
10,2/13/1946,12,24000,13500,98,244,f,0,1,1,1,0,0,2,45,2000
11,2/7/1950,16,30300,16500,98,143,f,0,1,1,1,0,0,4,41,2525
12,1/11/1966,8,28350,12000,98,26,m,1,0,1,1,0,0,1,25,2362.5
13,7/17/1960,15,27750,14250,98,34,m,1,0,1,1,0,0,3,31,2312.5
14,2/26/1949,15,35100,16800,98,137,f,0,1,1,1,0,0,3,42,2925
15,8/29/1962,12,27300,13500,97,66,m,1,0,1,1,0,0,2,29,2275
16,11/17/1964,12,40800,15000,97,24,m,1,0,1,1,0,0,2,27,3400
17,7/18/1962,15,46000,14250,97,48,m,1,0,1,1,0,0,3,29,3833.33333333333
18,3/20/1956,16,103750,27510,97,70,m,1,0,3,0,0,1,4,35,8645.83333333333
19,8/19/1962,12,42300,14250,97,103,m,1,0,1,1,0,0,2,29,3525
20,1/23/1940,12,26250,11550,97,48,f,0,1,1,1,0,0,2,51,2187.5
21,2/19/1963,16,38850,15000,97,17,f,0,1,1,1,0,0,4,28,3237.5
22,9/24/1940,12,21750,12750,97,315,m,1,0,1,1,0,0,2,51,1812.5
23,3/15/1965,15,24000,11100,97,75,f,0,1,1,1,0,0,3,26,2000
24,3/27/1933,12,16950,9000,97,124,f,0,1,1,1,0,0,2,58,1412.5
25,7/1/1942,15,21150,9000,97,171,f,0,1,1,1,0,0,3,49,1762.5
26,11/8/1966,15,31050,12600,96,14,m,1,0,1,1,0,0,3,25,2587.5
27,3/19/1954,19,60375,27480,96,96,m,1,0,3,0,0,1,5,37,5031.25
28,4/11/1963,15,32550,14250,96,43,m,1,0,1,1,0,0,3,28,2712.5
29,1/28/1944,19,135000,79980,96,199,m,1,0,3,0,0,1,5,47,11250
30,9/17/1961,15,31200,14250,96,54,m,1,0,1,1,0,0,3,30,2600
31,2/24/1964,12,36150,14250,96,83,m,1,0,1,1,0,0,2,27,3012.5
32,1/28/1954,19,110625,45000,96,120,m,1,0,3,0,0,1,5,37,9218.75
33,3/18/1961,15,42000,15000,96,68,m,1,0,1,1,0,0,3,30,3500
34,2/2/1949,19,92000,39990,96,175,m,1,0,3,0,0,1,5,42,7666.66666666667
35,8/22/1961,17,81250,30000,96,18,m,1,0,3,0,0,1,5,30,6770.83333333333
36,8/7/1963,8,31350,11250,96,52,f,0,1,1,1,0,0,1,28,2612.5
37,10/9/1954,12,29100,13500,96,113,m,1,0,1,1,0,0,2,37,2425
38,4/27/1962,15,31350,15000,96,49,m,1,0,1,1,0,0,3,29,2612.5
39,6/22/1960,16,36000,15000,96,46,m,1,0,1,1,0,0,4,31,3000
40,8/28/1933,15,19200,9000,96,23,f,0,1,1,1,0,0,3,58,1600
41,3/18/1961,12,23550,11550,96,52,f,0,1,1,1,0,0,2,30,1962.5
42,9/23/1960,15,35100,16500,95,90,m,1,0,1,1,0,0,3,31,2925
43,1/18/1964,12,23250,14250,95,46,m,1,0,1,1,0,0,2,27,1937.5
44,6/15/1963,8,29250,14250,95,50,m,1,0,1,1,0,0,1,28,2437.5
45,8/2/1938,12,30750,13500,95,307,m,1,0,2,0,1,0,2,53,2562.5
46,11/18/1940,15,22350,12750,95,165,f,0,1,1,1,0,0,3,51,1862.5
47,4/28/1938,12,30000,16500,95,228,f,0,1,1,1,0,0,2,53,2500
48,6/7/1947,12,30750,14100,94,240,m,1,0,2,0,1,0,2,44,2562.5
49,9/16/1958,15,34800,16500,94,93,m,1,0,1,1,0,0,3,33,2900
50,2/9/1960,16,60000,23730,94,59,m,1,0,3,0,0,1,4,31,5000
51,7/8/1962,12,35550,15000,94,48,m,1,0,1,1,0,0,2,29,2962.5
52,11/12/1963,15,45150,15000,94,40,m,1,0,1,1,0,0,3,28,3762.5
53,4/21/1954,18,73750,26250,94,56,m,1,0,3,0,0,1,5,37,6145.83333333333
54,6/4/1931,12,25050,13500,94,444,m,1,0,1,1,0,0,2,60,2087.5
55,6/25/1960,12,27000,15000,94,120,m,1,0,1,1,0,0,2,31,2250
56,4/16/1962,15,26850,13500,94,5,m,1,0,1,1,0,0,3,29,2237.5
57,4/15/1963,15,33900,15750,94,78,m,1,0,1,1,0,0,3,28,2825
58,11/14/1964,15,26400,13500,94,3,f,0,1,1,1,0,0,3,27,2200
59,5/7/1961,15,28050,14250,94,36,m,1,0,1,1,0,0,3,30,2337.5
60,2/16/1959,12,30900,15000,94,102,m,1,0,1,1,0,0,2,32,2575
61,4/28/1964,8,22500,9750,94,36,m,1,0,1,1,0,0,1,27,1875
62,7/18/1962,16,48000,21750,93,22,m,1,0,3,0,0,1,4,29,4000
63,8/20/1961,17,55000,26250,93,32,m,1,0,3,0,0,1,5,30,4583.33333333333
64,9/28/1963,16,53125,21000,93,48,m,1,0,3,0,0,1,4,28,4427.08333333333
65,3/28/1964,8,21900,14550,93,41,m,1,0,1,1,0,0,1,27,1825
66,2/16/1962,19,78125,30000,93,7,m,1,0,3,0,0,1,5,29,6510.41666666667
67,5/28/1964,16,46000,21240,93,35,m,1,0,3,0,0,1,4,27,3833.33333333333
68,5/5/1963,16,45250,21480,93,36,m,1,0,3,0,0,1,4,28,3770.83333333333
69,6/23/1960,16,56550,25000,93,34,m,1,0,3,0,0,1,4,31,4712.5
70,2/8/1962,15,41100,20250,93,27,m,1,0,1,1,0,0,3,29,3425
71,8/26/1948,17,82500,34980,93,207,m,1,0,3,0,0,1,5,43,6875
72,1/7/1964,16,54000,18000,93,11,f,0,1,1,1,0,0,4,27,4500
73,2/9/1968,12,26400,10500,93,0,f,0,1,1,1,0,0,2,23,2200
74,4/28/1933,15,33900,19500,93,192,f,0,1,1,1,0,0,3,58,2825
75,8/12/1965,15,24150,11550,93,0,f,0,1,1,1,0,0,3,26,2012.5
76,9/3/1967,15,29250,11550,93,11,f,0,1,1,1,0,0,3,24,2437.5
77,9/9/1968,12,27600,11400,93,6,f,0,1,1,1,0,0,2,23,2300
78,8/20/1968,12,22950,10500,93,10,f,0,1,1,1,0,0,2,23,1912.5
79,1/23/1962,16,34800,14550,93,8,f,0,1,1,1,0,0,4,29,2900
80,5/25/1961,16,51000,18000,93,22,f,0,1,1,1,0,0,4,30,4250
81,3/12/1968,12,24300,10950,93,5,f,0,1,1,1,0,0,2,23,2025
82,8/28/1947,12,24750,14250,93,193,f,0,1,1,1,0,0,2,44,2062.5
83,10/12/1967,12,22950,11250,93,0,f,0,1,1,1,0,0,2,24,1912.5
84,3/12/1967,8,25050,10950,93,8,f,0,1,1,1,0,0,1,24,2087.5
85,4/9/1962,15,25950,17100,92,42,m,1,0,1,1,0,0,3,29,2162.5
86,8/25/1961,15,31650,15750,92,64,m,1,0,1,1,0,0,3,30,2637.5
87,10/20/1959,12,24150,14100,92,130,m,1,0,1,1,0,0,2,32,2012.5
88,2/10/1962,19,72500,28740,92,10,m,1,0,3,0,0,1,5,29,6041.66666666667
89,6/24/1961,19,68750,27480,92,8,m,1,0,3,0,0,1,5,30,5729.16666666667
90,2/27/1938,8,16200,9750,92,0,f,0,1,1,1,0,0,1,53,1350
91,11/4/1967,12,20100,11250,92,24,f,0,1,1,1,0,0,2,24,1675
92,6/25/1968,8,24000,10950,92,6,f,0,1,1,1,0,0,1,23,2000
93,3/5/1968,12,25950,10950,92,0,f,0,1,1,1,0,0,2,23,2162.5
94,8/4/1950,12,24600,10050,92,44,f,0,1,1,1,0,0,2,41,2050
95,8/8/1968,12,28500,10500,92,6,f,0,1,1,1,0,0,2,23,2375
96,10/2/1933,8,30750,15000,92,432,m,1,0,2,0,1,0,1,58,2562.5
97,1/18/1953,17,40200,19500,92,168,m,1,0,1,1,0,0,5,38,3350
98,5/17/1956,8,30000,15000,92,144,m,1,0,2,0,1,0,1,35,2500
99,7/7/1968,12,22050,10950,92,5,f,0,1,1,1,0,0,2,23,1837.5
100,10/25/1963,18,78250,27480,91,47,m,1,0,3,0,0,1,5,28,6520.83333333333
101,3/14/1960,16,60625,22500,91,44,m,1,0,3,0,0,1,4,31,5052.08333333333
102,3/28/1963,14,39900,15750,91,59,m,1,0,1,1,0,0,3,28,3325
103,3/17/1959,19,97000,35010,91,68,m,1,0,3,0,0,1,5,32,8083.33333333333
104,11/5/1962,15,27450,15750,91,48,m,1,0,1,1,0,0,3,29,2287.5
105,3/7/1966,15,31650,13500,91,18,m,1,0,1,1,0,0,3,25,2637.5
106,8/4/1962,19,91250,29490,91,23,m,1,0,3,0,0,1,5,29,7604.16666666667
107,8/16/1960,12,25200,14400,91,83,f,0,1,1,1,0,0,2,31,2100
108,7/16/1930,12,21000,11550,91,108,f,0,1,1,1,0,0,2,61,1750
109,11/10/1963,12,30450,15000,91,49,m,1,0,1,1,0,0,2,28,2537.5
110,10/29/1952,15,28350,18000,91,151,m,1,0,1,1,0,0,3,39,2362.5
111,11/27/1940,12,30750,9000,91,314,m,1,0,2,0,1,0,2,51,2562.5
112,6/21/1948,12,30750,15000,91,240,m,1,0,2,0,1,0,2,43,2562.5
113,10/6/1959,16,54875,27480,90,68,m,1,0,3,0,0,1,4,32,4572.91666666667
114,8/25/1961,14,37800,16500,90,60,m,1,0,1,1,0,0,3,30,3150
115,5/12/1961,15,33450,14100,90,85,m,1,0,1,1,0,0,3,30,2787.5
116,6/9/1962,15,30300,16500,90,16,m,1,0,1,1,0,0,3,29,2525
117,1/14/1932,12,31500,18750,90,205,f,0,1,1,1,0,0,2,59,2625
118,3/4/1964,12,31650,14250,90,48,f,0,1,1,1,0,0,2,27,2637.5
119,7/23/1963,12,25200,14100,90,55,f,0,1,1,1,0,0,2,28,2100
120,11/12/1964,16,37800,15750,90,7,f,0,1,3,0,0,1,4,27,3150
121,8/6/1936,15,18750,10500,90,54,f,0,1,1,1,0,0,3,55,1562.5
122,9/26/1965,15,32550,13500,90,22,f,0,1,1,1,0,0,3,26,2712.5
123,4/24/1949,12,33300,15000,90,3,f,0,1,1,1,0,0,2,42,2775
124,5/29/1963,16,38550,16500,90,0,f,0,1,1,1,0,0,4,28,3212.5
125,8/6/1956,12,27450,15000,90,173,m,1,0,1,1,0,0,2,35,2287.5
126,1/21/1951,15,24300,15000,90,191,m,1,0,2,0,1,0,3,40,2025
127,9/1/1950,12,30750,15000,90,209,m,1,0,2,0,1,0,2,41,2562.5
128,7/25/1946,12,19650,9750,90,229,f,0,1,1,1,0,0,2,45,1637.5
129,7/18/1959,17,68750,27510,89,38,m,1,0,3,0,0,1,5,32,5729.16666666667
130,9/6/1958,20,59375,30000,89,6,m,1,0,3,0,0,1,5,33,4947.91666666667
131,2/8/1962,15,31500,15750,89,22,m,1,0,1,1,0,0,3,29,2625
132,5/17/1953,12,27300,17250,89,175,m,1,0,1,1,0,0,2,38,2275
133,9/12/1959,15,27000,15750,89,87,m,1,0,1,1,0,0,3,32,2250
134,11/10/1941,16,41550,24990,89,285,f,0,1,3,0,0,1,4,50,3462.5
135,5/22/1968,12,26250,10950,89,0,f,0,1,1,1,0,0,2,23,2187.5
136,8/25/1939,12,22200,15000,88,324,m,1,0,1,1,0,0,2,52,1850
137,7/12/1937,21,65000,37500,88,264,m,1,0,3,0,0,1,5,54,5416.66666666667
138,1/9/1947,12,30900,15000,88,252,m,1,0,1,1,0,0,2,44,2575
139,6/18/1931,8,20100,13200,88,90,f,0,1,1,1,0,0,1,60,1675
140,4/5/1965,12,22350,13500,88,26,f,0,1,1,1,0,0,2,26,1862.5
141,6/14/1966,15,35550,13350,88,32,f,0,1,1,1,0,0,3,25,2962.5
142,11/13/1966,12,28500,13950,88,34,f,0,1,1,1,0,0,2,25,2375
143,8/24/1939,12,24450,13200,88,107,f,0,1,1,1,0,0,2,52,2037.5
144,8/28/1931,8,16650,9750,88,412,f,0,1,1,1,0,0,1,60,1387.5
145,1/15/1964,12,26700,13500,88,38,m,1,0,1,1,0,0,2,27,2225
146,1/2/1951,18,43950,23250,88,182,m,1,0,1,1,0,0,5,40,3662.5
147,9/11/1936,15,23700,13500,88,359,m,1,0,1,1,0,0,3,55,1975
148,10/5/1959,15,26550,14250,88,61,f,0,1,1,1,0,0,3,32,2212.5
149,6/28/1962,12,27600,15000,87,75,m,1,0,1,1,0,0,2,29,2300
150,3/5/1954,12,25800,15000,87,143,m,1,0,1,1,0,0,2,37,2150
151,8/16/1954,16,42300,26250,87,126,m,1,0,3,0,0,1,4,37,3525
152,5/3/1929,8,30750,15000,87,451,m,1,0,2,0,1,0,1,62,2562.5
153,5/13/1967,12,26700,12900,87,18,f,0,1,1,1,0,0,2,24,2225
154,6/7/1940,12,20850,12000,87,163,f,0,1,1,1,0,0,2,51,1737.5
155,3/6/1963,15,35250,15000,87,54,m,1,0,1,1,0,0,3,28,2937.5
156,1/12/1963,15,26700,15000,87,56,m,1,0,1,1,0,0,3,28,2225
157,7/2/1967,12,26550,13050,87,11,f,0,1,1,1,0,0,2,24,2212.5
158,9/20/1964,12,27750,12000,87,11,f,0,1,1,1,0,0,2,27,2312.5
159,1/13/1951,16,25050,12750,87,123,f,0,1,1,1,0,0,4,40,2087.5
160,8/27/1951,16,66000,47490,86,150,m,1,0,3,0,0,1,4,40,5500
161,2/11/1963,16,52650,19500,86,20,m,1,0,1,1,0,0,4,28,4387.5
162,5/25/1961,16,45625,23250,86,60,m,1,0,3,0,0,1,4,30,3802.08333333333
163,11/10/1965,15,30900,15000,86,25,m,1,0,1,1,0,0,3,26,2575
164,8/13/1965,15,29400,16500,86,24,f,0,1,1,1,0,0,3,26,2450
165,4/29/1966,15,33300,13500,86,24,f,0,1,1,1,0,0,3,25,2775
166,7/12/1942,12,21900,9750,86,156,f,0,1,1,1,0,0,2,49,1825
167,8/26/1932,12,18150,9750,86,72,f,0,1,1,1,0,0,2,59,1512.5
168,4/23/1962,16,46875,17250,86,19,f,0,1,3,0,0,1,4,29,3906.25
169,5/23/1965,12,25500,14400,86,37,m,1,0,1,1,0,0,2,26,2125
170,6/13/1964,12,26550,15000,86,38,m,1,0,1,1,0,0,2,27,2212.5
171,1/21/1930,12,26700,13500,86,367,m,1,0,1,1,0,0,2,61,2225
172,6/13/1953,15,29850,15000,86,79,f,0,1,1,1,0,0,3,38,2487.5
173,1/15/1950,20,69250,42480,85,134,m,1,0,3,0,0,1,5,41,5770.83333333333
174,1/7/1935,8,31950,15000,85,438,m,1,0,2,0,1,0,1,56,2662.5
175,1/8/1938,8,26250,15600,85,171,m,1,0,1,1,0,0,1,53,2187.5
176,10/5/1962,16,35700,17250,85,19,f,0,1,1,1,0,0,4,29,2975
177,8/11/1962,12,28500,16500,85,69,f,0,1,1,1,0,0,2,29,2375
178,1/17/1938,12,17100,10200,85,72,f,0,1,1,1,0,0,2,53,1425
179,1/19/1965,12,25200,13050,85,29,m,1,0,1,1,0,0,2,26,2100
180,1/23/1960,12,24000,12750,85,59,f,0,1,1,1,0,0,2,31,2000
181,1/4/1939,12,27450,10200,85,101,f,0,1,1,1,0,0,2,52,2287.5
182,3/8/1943,12,18450,10200,85,228,f,0,1,1,1,0,0,2,48,1537.5
183,3/1/1960,15,39300,15750,84,72,m,1,0,1,1,0,0,3,31,3275
184,11/5/1964,15,38850,15000,84,53,m,1,0,1,1,0,0,3,27,3237.5
185,8/28/1930,8,30750,15000,84,380,m,1,0,2,0,1,0,1,61,2562.5
186,7/6/1964,15,37500,20400,84,33,m,1,0,1,1,0,0,3,27,3125
187,7/29/1963,16,58750,21750,84,13,m,1,0,3,0,0,1,4,28,4895.83333333333
188,2/4/1934,12,34500,18750,84,208,f,0,1,1,1,0,0,2,57,2875
189,3/28/1950,12,36000,19980,84,240,f,0,1,1,1,0,0,2,41,3000
190,11/15/1932,8,29100,16500,84,35,f,0,1,1,1,0,0,1,59,2425
191,10/23/1931,12,16500,10200,84,288,f,0,1,1,1,0,0,2,60,1375
192,10/9/1949,12,19650,12750,84,180,m,1,0,1,1,0,0,2,42,1637.5
193,7/22/1966,12,24750,12000,84,41,f,0,1,1,1,0,0,2,25,2062.5
194,4/10/1938,15,27150,15750,84,231,f,0,1,1,1,0,0,3,53,2262.5
195,11/6/1955,12,26400,12750,84,36,f,0,1,1,1,0,0,2,36,2200
196,3/3/1946,16,23100,12000,84,214,f,0,1,1,1,0,0,4,45,1925
197,10/1/1962,15,54900,25500,83,49,m,1,0,3,0,0,1,3,29,4575
198,3/17/1952,19,70875,43500,83,156,m,1,0,3,0,0,1,5,39,5906.25
199,2/2/1958,16,51250,27480,83,69,m,1,0,3,0,0,1,4,33,4270.83333333333
200,2/13/1963,17,67500,34980,83,9,m,1,0,3,0,0,1,5,28,5625
201,5/8/1955,12,29340,19500,83,150,m,1,0,1,1,0,0,2,36,2445
202,3/17/1963,15,39600,16500,83,47,m,1,0,1,1,0,0,3,28,3300
203,3/17/1964,12,29100,15000,83,50,m,1,0,1,1,0,0,2,27,2425
204,10/21/1960,15,33150,16500,83,69,m,1,0,1,1,0,0,3,31,2762.5
205,6/22/1944,16,66750,52500,83,258,m,1,0,3,0,0,1,4,47,5562.5
206,5/22/1943,12,33750,15000,83,284,m,1,0,2,0,1,0,2,48,2812.5
207,2/15/1959,15,27300,17250,83,91,m,1,0,1,1,0,0,3,32,2275
208,11/28/1968,12,24000,11250,83,16,f,0,1,1,1,0,0,2,23,2000
209,1/14/1934,8,19800,10200,83,75,f,0,1,1,1,0,0,1,57,1650
210,5/4/1949,15,30600,16500,83,216,m,1,0,1,1,0,0,3,42,2550
211,11/8/1950,15,28950,15000,83,108,m,1,0,1,1,0,0,3,41,2412.5
212,5/14/1965,15,38400,16500,83,64,m,1,0,1,1,0,0,3,26,3200
213,10/20/1945,8,30750,15000,83,302,m,1,0,2,0,1,0,1,46,2562.5
214,9/13/1968,12,20400,10950,83,9,f,0,1,1,1,0,0,2,23,1700
215,9/15/1968,12,19200,11100,83,7,f,0,1,1,1,0,0,2,23,1600
216,5/16/1964,15,30150,15750,82,72,m,1,0,1,1,0,0,3,27,2512.5
217,3/15/1949,16,34620,27750,82,149,m,1,0,1,1,0,0,4,42,2885
218,3/21/1964,15,80000,15750,82,34,m,1,0,1,1,0,0,3,27,6666.66666666667
219,2/2/1963,12,25350,15000,82,32,m,1,0,1,1,0,0,2,28,2112.5
220,8/17/1963,12,29850,15750,82,85,m,1,0,1,1,0,0,2,28,2487.5
221,5/22/1947,12,24000,13800,82,97,f,0,1,1,1,0,0,2,44,2000
222,9/15/1935,15,27750,19500,82,265,f,0,1,1,1,0,0,3,56,2312.5
223,3/14/1942,8,22350,10200,82,48,f,0,1,1,1,0,0,1,49,1862.5
224,11/20/1934,12,16200,10200,82,0,f,0,1,1,1,0,0,2,57,1350
225,10/13/1967,15,21900,12750,82,0,f,0,1,1,1,0,0,3,24,1825
226,6/21/1964,16,23250,15750,82,4,f,0,1,1,1,0,0,4,27,1937.5
227,7/17/1965,12,33900,12000,82,11,f,0,1,1,1,0,0,2,26,2825
228,9/21/1963,15,25650,14250,82,51,f,0,1,1,1,0,0,3,28,2137.5
229,8/21/1940,12,17250,10200,82,358,f,0,1,1,1,0,0,2,51,1437.5
230,2/4/1934,15,22500,15000,82,371,m,1,0,1,1,0,0,3,57,1875
231,1/9/1965,16,40200,21000,81,3,m,1,0,3,0,0,1,4,26,3350
232,9/13/1963,19,55500,33750,81,62,m,1,0,3,0,0,1,5,28,4625
233,7/21/1963,15,26550,15000,81,52,m,1,0,1,1,0,0,3,28,2212.5
234,11/12/1960,15,50550,19500,81,44,m,1,0,1,1,0,0,3,31,4212.5
235,9/11/1962,19,75000,31500,81,13,m,1,0,3,0,0,1,5,29,6250
236,5/2/1969,8,27450,12000,81,9,f,0,1,1,1,0,0,1,22,2287.5
237,6/4/1969,12,22650,11250,81,0,f,0,1,1,1,0,0,2,22,1887.5
238,6/15/1969,12,27300,11250,81,5,f,0,1,1,1,0,0,2,22,2275
239,9/14/1969,12,27750,11225,81,5,f,0,1,1,1,0,0,2,22,2312.5
240,6/15/1961,16,54375,18750,81,81,f,0,1,3,0,0,1,4,30,4531.25
241,8/27/1936,8,17400,10200,81,390,f,0,1,1,1,0,0,1,55,1450
242,11/3/1967,12,40800,18000,81,4,f,0,1,1,1,0,0,2,24,3400
243,2/10/1969,12,23100,10950,81,0,f,0,1,1,1,0,0,2,22,1925
244,9/15/1969,8,22500,10950,81,5,f,0,1,1,1,0,0,1,22,1875
245,3/16/1969,12,26700,11550,81,18,f,0,1,1,1,0,0,2,22,2225
246,1/14/1968,12,24900,11250,81,0,f,0,1,1,1,0,0,2,23,2075
247,5/13/1968,12,19650,10950,81,11,f,0,1,1,1,0,0,2,23,1637.5
248,4/9/1969,12,22050,10950,81,9,f,0,1,1,1,0,0,2,22,1837.5
249,5/9/1969,12,25500,12000,81,11,f,0,1,1,1,0,0,2,22,2125
250,10/10/1966,15,28200,12750,81,19,f,0,1,1,1,0,0,3,25,2350
251,1/19/1969,12,23100,11250,81,13,f,0,1,1,1,0,0,2,22,1925
252,9/18/1969,12,25500,11400,81,9,m,1,0,1,1,0,0,2,22,2125
253,2/21/1942,8,17100,10200,81,0,f,0,1,1,1,0,0,1,49,1425
254,2/8/1964,18,68125,32490,80,29,m,1,0,3,0,0,1,5,27,5677.08333333333
255,8/15/1932,12,30600,15750,80,460,m,1,0,2,0,1,0,2,59,2550
256,1/3/1948,19,52125,27480,80,221,m,1,0,3,0,0,1,5,43,4343.75
257,9/24/1951,19,61875,36750,80,199,m,1,0,3,0,0,1,5,40,5156.25
258,3/9/1969,8,21300,11550,80,24,m,1,0,1,1,0,0,1,22,1775
259,3/15/1969,12,19650,11250,80,5,f,0,1,1,1,0,0,2,22,1637.5
260,2/20/1969,12,22350,11250,80,5,f,0,1,1,1,0,0,2,22,1862.5
261,3/27/1969,12,23400,11250,80,18,f,0,1,1,1,0,0,2,22,1950
262,6/20/1968,12,24300,10950,80,8,f,0,1,1,1,0,0,2,23,2025
263,10/13/1968,12,28500,11250,80,4,f,0,1,1,1,0,0,2,23,2375
264,1/16/1969,12,19950,11250,80,8,f,0,1,1,1,0,0,2,22,1662.5
265,9/24/1969,12,23400,11250,80,0,f,0,1,1,1,0,0,2,22,1950
266,10/7/1963,16,34500,17250,80,3,f,0,1,1,1,0,0,4,28,2875
267,8/24/1969,12,18150,10950,80,0,f,0,1,1,1,0,0,2,22,1512.5
268,5/16/1936,12,22350,15000,80,272,m,1,0,1,1,0,0,2,55,1862.5
269,3/17/1966,15,40200,17250,79,38,m,1,0,1,1,0,0,3,25,3350
270,10/29/1947,15,28650,18000,79,261,m,1,0,1,1,0,0,3,44,2387.5
271,8/24/1963,15,27750,16500,79,55,m,1,0,1,1,0,0,3,28,2312.5
272,6/17/1964,18,66875,31980,79,30,m,1,0,1,1,0,0,5,27,5572.91666666667
273,11/12/1939,12,30000,15750,79,308,m,1,0,2,0,1,0,2,52,2500
274,8/4/1964,16,83750,21750,79,12,m,1,0,3,0,0,1,4,27,6979.16666666667
275,1/14/1963,12,33900,16500,79,94,m,1,0,1,1,0,0,2,28,2825
276,5/11/1965,16,56500,21000,79,12,m,1,0,3,0,0,1,4,26,4708.33333333333
277,5/20/1965,16,43000,17490,79,20,f,0,1,3,0,0,1,4,26,3583.33333333333
278,6/12/1943,8,20850,12000,79,70,f,0,1,1,1,0,0,1,48,1737.5
279,4/16/1969,12,24450,12000,79,8,f,0,1,1,1,0,0,2,22,2037.5
280,10/20/1969,12,24750,10950,79,5,f,0,1,1,1,0,0,2,22,2062.5
281,2/18/1945,8,34500,15750,79,246,m,1,0,2,0,1,0,1,46,2875
282,9/15/1963,14,27900,15000,79,47,m,1,0,1,1,0,0,3,28,2325
283,2/25/1963,19,68125,32010,78,35,m,1,0,3,0,0,1,5,28,5677.08333333333
284,10/10/1961,19,73500,33000,78,45,m,1,0,3,0,0,1,5,30,6125
285,5/28/1930,8,30750,15750,78,429,m,1,0,2,0,1,0,1,61,2562.5
286,3/7/1958,15,40050,25500,78,133,m,1,0,3,0,0,1,3,33,3337.5
287,1/18/1965,16,40350,19500,78,20,m,1,0,1,1,0,0,4,26,3362.5
288,1/22/1955,15,38700,23730,78,176,m,1,0,3,0,0,1,3,36,3225
289,10/27/1964,17,65000,30750,78,26,m,1,0,3,0,0,1,5,27,5416.66666666667
290,4/5/1954,18,51450,36240,78,149,m,1,0,3,0,0,1,5,37,4287.5
291,9/23/1934,12,35250,15750,78,387,m,1,0,2,0,1,0,2,57,2937.5
292,5/7/1963,14,25950,15000,78,53,m,1,0,1,1,0,0,3,28,2162.5
293,9/19/1965,15,25050,14250,78,24,m,1,0,1,1,0,0,3,26,2087.5
294,10/10/1968,12,26700,12750,78,25,m,1,0,1,1,0,0,2,23,2225
295,8/20/1932,8,24000,15750,78,476,m,1,0,1,1,0,0,1,59,2000
296,2/12/1964,12,26850,15000,78,48,m,1,0,1,1,0,0,2,27,2237.5
297,4/16/1942,12,23400,15300,78,209,f,0,1,1,1,0,0,2,49,1950
298,8/24/1966,12,24600,13500,78,47,f,0,1,1,1,0,0,2,25,2050
299,5/11/1965,15,32550,18000,78,6,f,0,1,1,1,0,0,3,26,2712.5
300,5/26/1960,16,26550,15000,78,105,m,1,0,1,1,0,0,4,31,2212.5
301,8/4/1968,12,31500,13500,78,7,m,1,0,1,1,0,0,2,23,2625
302,9/28/1939,8,22350,15000,78,320,m,1,0,1,1,0,0,1,52,1862.5
303,2/10/1938,12,35250,15750,78,281,m,1,0,2,0,1,0,2,53,2937.5
304,9/28/1945,15,25800,13500,78,51,f,0,1,1,1,0,0,3,46,2150
305,10/25/1941,12,30750,15750,77,317,m,1,0,2,0,1,0,2,50,2562.5
306,4/5/1966,15,30750,16500,77,41,m,1,0,1,1,0,0,3,25,2562.5
307,7/24/1945,16,50000,32490,77,264,m,1,0,3,0,0,1,4,46,4166.66666666667
308,2/1/1963,15,34500,18000,77,63,m,1,0,1,1,0,0,3,28,2875
309,7/19/1964,15,26250,15750,77,38,m,1,0,1,1,0,0,3,27,2187.5
310,3/23/1964,16,44875,21240,77,22,m,1,0,1,1,0,0,4,27,3739.58333333333
311,2/15/1951,12,22500,12000,77,63,f,0,1,1,1,0,0,2,40,1875
312,3/12/1963,12,25650,14250,77,64,f,0,1,1,1,0,0,2,28,2137.5
313,10/25/1969,12,21300,11250,77,0,f,0,1,1,1,0,0,2,22,1775
314,11/24/1966,12,29850,13500,77,38,f,0,1,1,1,0,0,2,25,2487.5
315,9/19/1969,12,34500,12150,77,4,f,0,1,1,1,0,0,2,22,2875
316,1/14/1960,15,27750,15000,77,52,m,1,0,1,1,0,0,3,31,2312.5
317,2/27/1969,12,27750,11550,77,12,m,1,0,1,1,0,0,2,22,2312.5
318,2/19/1961,16,48750,21990,76,61,m,1,0,3,0,0,1,4,30,4062.5
319,3/2/1966,15,43410,15750,76,12,m,1,0,1,1,0,0,3,25,3617.5
320,11/10/1936,12,22050,15000,76,385,m,1,0,1,1,0,0,2,55,1837.5
321,10/26/1953,12,22050,12000,76,6,f,0,1,1,1,0,0,2,38,1837.5
322,3/2/1938,12,22500,14250,76,90,f,0,1,1,1,0,0,2,53,1875
323,5/13/1967,15,25500,12000,76,7,f,0,1,1,1,0,0,3,24,2125
324,10/14/1966,12,29160,15000,76,22,f,0,1,1,1,0,0,2,25,2430
325,11/4/1934,8,16800,10200,76,76,f,0,1,1,1,0,0,1,57,1400
326,7/24/1958,8,29550,15750,76,144,m,1,0,2,0,1,0,1,33,2462.5
327,3/2/1965,12,26700,15750,76,18,m,1,0,1,1,0,0,2,26,2225
328,10/25/1952,18,55000,32490,75,125,m,1,0,3,0,0,1,5,39,4583.33333333333
329,8/24/1958,18,62500,34980,75,74,m,1,0,3,0,0,1,5,33,5208.33333333333
330,5/9/1959,15,27300,17250,75,132,m,1,0,1,1,0,0,3,32,2275
331,2/4/1942,12,24450,12000,75,144,f,0,1,1,1,0,0,2,49,2037.5
332,5/10/1964,16,33000,18000,75,26,f,0,1,1,1,0,0,4,27,2750
333,1/26/1965,15,37050,18000,75,5,f,0,1,1,1,0,0,3,26,3087.5
334,5/9/1966,12,24450,10950,75,32,f,0,1,1,1,0,0,2,25,2037.5
335,2/26/1930,8,31950,15750,74,408,m,1,0,2,0,1,0,1,61,2662.5
336,1/10/1964,16,47250,21240,74,45,m,1,0,3,0,0,1,4,27,3937.5
337,1/27/1970,12,26100,11550,74,2,f,0,1,1,1,0,0,2,21,2175
338,8/12/1938,8,15900,10200,74,43,f,0,1,1,1,0,0,1,53,1325
339,11/7/1942,8,23700,10650,74,281,f,0,1,1,1,0,0,1,49,1975
340,5/6/1934,8,21750,12450,74,318,f,0,1,1,1,0,0,1,57,1812.5
341,1/20/1945,12,59400,33750,74,272,m,1,0,3,0,0,1,2,46,4950
342,6/1/1948,12,24450,14250,74,117,f,0,1,1,1,0,0,2,43,2037.5
343,6/9/1953,16,103500,60000,73,150,m,1,0,3,0,0,1,4,38,8625
344,10/13/1963,12,35700,16500,73,72,m,1,0,1,1,0,0,2,28,2975
345,5/5/1969,12,22200,16500,73,7,f,0,1,1,1,0,0,2,22,1850
346,8/16/1968,15,22950,13950,73,22,f,0,1,1,1,0,0,3,23,1912.5
347,8/10/1944,12,23100,12000,73,228,f,0,1,1,1,0,0,2,47,1925
348,6/11/1962,16,56750,30000,73,15,f,0,1,3,0,0,1,4,29,4729.16666666667
349,3/22/1938,17,29100,12750,73,375,f,0,1,1,1,0,0,5,53,2425
350,4/21/1939,12,37650,15750,73,132,f,0,1,1,1,0,0,2,52,3137.5
351,1/27/1966,12,27900,13500,73,32,f,0,1,1,1,0,0,2,25,2325
352,11/26/1933,8,21150,12000,73,159,f,0,1,1,1,0,0,1,58,1762.5
353,3/10/1955,12,31200,15750,73,155,m,1,0,2,0,1,0,2,36,2600
354,5/8/1946,12,20550,11250,73,154,f,0,1,1,1,0,0,2,45,1712.5
355,5/19/1961,15,25950,17250,72,83,m,1,0,1,1,0,0,3,30,2162.5
356,11/10/1965,15,28350,15000,72,48,m,1,0,1,1,0,0,3,26,2362.5
357,1/18/1932,8,17700,10200,72,184,f,0,1,1,1,0,0,1,59,1475
358,4/11/1944,15,23550,13500,72,49,f,0,1,1,1,0,0,3,47,1962.5
359,6/12/1941,12,19950,10200,72,56,f,0,1,1,1,0,0,2,50,1662.5
360,8/11/1968,12,29400,15300,72,30,f,0,1,1,1,0,0,2,23,2450
361,6/9/1966,12,28800,13950,72,18,f,0,1,1,1,0,0,2,25,2400
362,4/8/1937,8,16950,10200,72,319,f,0,1,1,1,0,0,1,54,1412.5
363,6/3/1954,16,35700,18000,72,138,m,1,0,1,1,0,0,4,37,2975
364,3/26/1947,12,17400,10200,72,116,f,0,1,1,1,0,0,2,44,1450
365,10/16/1948,8,21450,10200,72,194,f,0,1,1,1,0,0,1,43,1787.5
366,3/21/1961,12,24750,12000,72,68,f,0,1,1,1,0,0,2,30,2062.5
367,5/22/1942,12,16950,10200,72,271,f,0,1,1,1,0,0,2,49,1412.5
368,7/20/1943,12,26100,13500,72,169,f,0,1,1,1,0,0,2,48,2175
369,11/14/1967,14,28050,15000,71,15,m,1,0,1,1,0,0,3,24,2337.5
370,1/20/1963,16,36600,18000,71,12,f,0,1,1,1,0,0,4,28,3050
371,4/5/1966,16,58125,18000,71,11,f,0,1,3,0,0,1,4,25,4843.75
372,8/22/1935,15,21300,15750,70,372,m,1,0,1,1,0,0,3,56,1775
373,10/29/1949,12,22500,16500,70,216,m,1,0,1,1,0,0,2,42,1875
374,7/26/1967,15,29400,15750,70,15,m,1,0,1,1,0,0,3,24,2450
375,10/8/1966,12,27450,14700,70,41,m,1,0,1,1,0,0,2,25,2287.5
376,10/9/1964,15,29850,15750,70,48,m,1,0,1,1,0,0,3,27,2487.5
377,11/29/1965,15,25350,15750,70,56,m,1,0,1,1,0,0,3,26,2112.5
378,9/21/1930,8,15750,10200,70,275,f,0,1,1,1,0,0,1,61,1312.5
379,5/12/1938,8,19650,13050,70,102,f,0,1,1,1,0,0,1,53,1637.5
380,2/22/1941,12,21000,13500,70,82,f,0,1,1,1,0,0,2,50,1750
381,7/15/1946,17,27000,18000,70,192,m,1,0,1,1,0,0,5,45,2250
382,10/20/1959,12,24000,15750,70,120,m,1,0,1,1,0,0,2,32,2000
383,6/3/1961,17,78500,28740,70,67,m,1,0,3,0,0,1,5,30,6541.66666666667
384,11/11/1955,12,20850,13050,70,127,f,0,1,1,1,0,0,2,36,1737.5
385,10/1/1930,12,30000,15750,69,348,m,1,0,2,0,1,0,2,61,2500
386,8/18/1934,8,28500,15750,69,174,m,1,0,2,0,1,0,1,57,2375
387,2/3/1965,19,65000,31980,69,74,m,1,0,3,0,0,1,5,26,5416.66666666667
388,1/2/1959,14,30150,16500,69,110,m,1,0,1,1,0,0,3,32,2512.5
389,4/15/1959,19,66875,32490,69,81,m,1,0,3,0,0,1,5,32,5572.91666666667
390,11/9/1968,15,24150,13500,69,7,f,0,1,1,1,0,0,3,23,2012.5
391,1/12/1969,12,24450,12450,69,12,f,0,1,1,1,0,0,2,22,2037.5
392,5/12/1970,12,21600,12000,69,0,f,0,1,1,1,0,0,2,21,1800
393,6/24/1969,12,27900,12450,69,0,f,0,1,1,1,0,0,2,22,2325
394,2/4/1970,8,29100,12450,69,17,f,0,1,1,1,0,0,1,21,2425
395,3/9/1970,12,22650,11250,69,2,f,0,1,1,1,0,0,2,21,1887.5
396,8/17/1970,12,20850,11250,69,0,f,0,1,1,1,0,0,2,21,1737.5
397,1/17/1970,12,22950,12300,69,5,f,0,1,1,1,0,0,2,21,1912.5
398,11/21/1970,12,30600,12450,69,5,f,0,1,1,1,0,0,2,21,2550
399,2/6/1970,12,20400,11250,69,0,f,0,1,1,1,0,0,2,21,1700
400,8/6/1969,12,23850,12750,69,20,f,0,1,1,1,0,0,2,22,1987.5
401,3/14/1970,12,22800,11250,69,0,f,0,1,1,1,0,0,2,21,1900
402,2/7/1970,12,20700,11250,69,2,f,0,1,1,1,0,0,2,21,1725
403,4/28/1970,12,21300,11250,69,3,f,0,1,1,1,0,0,2,21,1775
404,5/1/1953,12,24300,15000,69,121,f,0,1,1,1,0,0,2,38,2025
405,7/12/1944,12,19650,13950,69,133,f,0,1,1,1,0,0,2,47,1637.5
406,10/5/1965,17,60000,32490,68,17,m,1,0,3,0,0,1,5,26,5000
407,9/6/1965,15,30300,15750,68,55,m,1,0,1,1,0,0,3,26,2525
408,2/12/1964,19,61250,33000,68,9,m,1,0,3,0,0,1,5,27,5104.16666666667
409,11/21/1962,19,36000,19500,68,21,m,1,0,1,1,0,0,5,29,3000
410,1/9/1942,8,25200,18750,68,344,f,0,1,1,1,0,0,1,49,2100
411,8/21/1931,12,16200,10200,68,180,f,0,1,1,1,0,0,2,60,1350
412,6/16/1970,12,22800,11250,68,2,f,0,1,1,1,0,0,2,21,1900
413,3/13/1966,16,43500,19500,68,11,f,0,1,3,0,0,1,4,25,3625
414,1/8/1961,8,30300,15750,68,155,m,1,0,2,0,1,0,1,30,2525
415,5/2/1963,15,31950,15750,68,70,m,1,0,1,1,0,0,3,28,2662.5
416,1/16/1965,15,35250,13500,67,6,m,1,0,1,1,0,0,3,26,2937.5
417,7/22/1967,15,37800,15000,67,36,m,1,0,1,1,0,0,3,24,3150
418,6/5/1965,15,31200,15750,67,46,m,1,0,1,1,0,0,3,26,2600
419,10/20/1964,15,29400,16500,67,68,m,1,0,1,1,0,0,3,27,2450
420,7/16/1957,19,70000,35040,67,75,m,1,0,3,0,0,1,5,34,5833.33333333333
421,11/1/1961,15,33900,15750,67,96,m,1,0,1,1,0,0,3,30,2825
422,7/20/1963,15,27150,16500,67,78,m,1,0,1,1,0,0,3,28,2262.5
423,4/26/1936,12,22200,13800,67,196,f,0,1,1,1,0,0,2,55,1850
424,7/6/1966,15,31350,11100,67,47,f,0,1,1,1,0,0,3,25,2612.5
425,1/26/1942,12,20850,13500,67,181,f,0,1,1,1,0,0,2,49,1737.5
426,10/27/1952,16,33300,17490,67,120,m,1,0,1,1,0,0,4,39,2775
427,4/21/1942,8,26250,16050,67,97,m,1,0,1,1,0,0,1,49,2187.5
428,2/28/1964,15,31950,15750,67,58,m,1,0,1,1,0,0,3,27,2662.5
429,8/13/1946,8,30000,15750,67,305,m,1,0,2,0,1,0,1,45,2500
430,4/29/1956,19,66250,34980,67,99,m,1,0,3,0,0,1,5,35,5520.83333333333
431,1/15/1959,18,86250,45000,66,50,m,1,0,3,0,0,1,5,32,7187.5
432,3/12/1964,12,30750,15000,66,56,m,1,0,1,1,0,0,2,27,2562.5
433,11/15/1966,12,33540,15750,66,47,m,1,0,1,1,0,0,2,25,2795
434, ,16,34950,20250,66,55,m,1,0,1,1,0,0,4, ,2912.5
435,5/24/1964,15,40350,16500,66,80,m,1,0,1,1,0,0,3,27,3362.5
436,5/27/1965,12,30270,15750,66,80,m,1,0,1,1,0,0,2,26,2522.5
437,9/4/1933,8,26250,16050,66,264,m,1,0,1,1,0,0,1,58,2187.5
438,10/11/1964,15,32400,15000,66,64,m,1,0,1,1,0,0,3,27,2700
439,6/25/1970,12,20400,11250,66,0,f,0,1,1,1,0,0,2,21,1700
440,11/10/1947,8,24150,12750,66,96,f,0,1,1,1,0,0,1,44,2012.5
441,8/2/1949,15,23850,13500,66,122,f,0,1,1,1,0,0,3,42,1987.5
442,9/18/1968,12,29700,13500,66,26,f,0,1,1,1,0,0,2,23,2475
443,2/10/1929,8,21600,13500,66,228,f,0,1,1,1,0,0,1,62,1800
444,9/16/1961,12,24450,15750,66,87,f,0,1,1,1,0,0,2,30,2037.5
445,8/4/1963,15,28050,16500,66,84,m,1,0,1,1,0,0,3,28,2337.5
446,8/3/1958,16,100000,44100,66,128,m,1,0,3,0,0,1,4,33,8333.33333333333
447,7/2/1961,15,49000,20550,66,86,m,1,0,1,1,0,0,3,30,4083.33333333333
448,6/5/1933,12,16350,10200,66,163,f,0,1,1,1,0,0,2,58,1362.5
449,1/2/1966,16,70000,21750,65,19,m,1,0,3,0,0,1,4,25,5833.33333333333
450,7/21/1954,19,55000,34980,65,129,m,1,0,3,0,0,1,5,37,4583.33333333333
451,7/19/1969,15,28500,14250,65,20,m,1,0,1,1,0,0,3,22,2375
452,8/13/1953,12,28800,18000,65,210,m,1,0,1,1,0,0,2,38,2400
453,8/7/1930,15,24450,15750,65,338,m,1,0,1,1,0,0,3,61,2037.5
454,7/28/1965,19,90625,31250,65,18,m,1,0,3,0,0,1,5,26,7552.08333333333
455,1/17/1964,16,43650,19500,65,19,m,1,0,3,0,0,1,4,27,3637.5
456,10/17/1959,19,75000,42510,65,54,m,1,0,3,0,0,1,5,32,6250
457,5/27/1968,15,31650,14250,65,10,m,1,0,1,1,0,0,3,23,2637.5
458,7/6/1965,19,61875,28740,65,26,m,1,0,3,0,0,1,5,26,5156.25
459,2/10/1971,12,21750,11250,65,0,f,0,1,1,1,0,0,2,20,1812.5
460,8/12/1969,12,22500,12750,65,24,f,0,1,1,1,0,0,2,22,1875
461,11/8/1943,8,21600,13500,65,173,f,0,1,1,1,0,0,1,48,1800
462,10/18/1963,16,34410,19500,65,79,f,0,1,3,0,0,1,4,28,2867.5
463,10/15/1934,15,20700,14250,65,241,f,0,1,1,1,0,0,3,57,1725
464,3/20/1962,19,47550,33000,64,27,m,1,0,3,0,0,1,5,29,3962.5
465,7/20/1962,12,33900,16500,64,106,m,1,0,1,1,0,0,2,29,2825
466,6/15/1948,12,23400,13500,64,198,f,0,1,1,1,0,0,2,43,1950
467,8/18/1967,16,32850,19500,64,20,f,0,1,1,1,0,0,4,24,2737.5
468,11/28/1965,16,55750,19980,64,36,f,0,1,3,0,0,1,4,26,4645.83333333333
469,6/1/1964,15,25200,13950,64,57,f,0,1,1,1,0,0,3,27,2100
470,1/22/1964,12,26250,15750,64,69,m,1,0,1,1,0,0,2,27,2187.5
471,8/3/1966,15,26400,15750,64,32,m,1,0,1,1,0,0,3,25,2200
472,2/21/1966,15,39150,15750,63,46,m,1,0,1,1,0,0,3,25,3262.5
473,11/25/1937,12,21450,12750,63,139,f,0,1,1,1,0,0,2,54,1787.5
474,11/5/1968,12,29400,14250,63,9,f,0,1,1,1,0,0,2,23,2450
