wage,yhat,resid
11.55,9.517528593985354,2.0324715967495095
5.0,6.648829297227636,-1.6488292972276364
12.0,17.240575293140562,-5.240575293140562
7.0,17.862585933038652,-10.862585933038652
21.15,13.266812613435611,7.883187005094662
6.92,6.851824129722658,0.06817594657128723
10.0,8.517889419886846,1.4821105801131544
8.0,9.951493592469387,-1.9514935924693866
15.63,18.648325010099047,-3.018324895658129
18.22,15.240236506008575,2.9797628073459173
20.0,25.387483655582923,-5.387483655582923
4.35,7.351643716771914,-3.0016438121393456
5.0,4.832969037409177,0.16703096259082262
8.25,10.027451516231487,-1.777451516231487
15.0,12.855347166284185,2.1446528337158153
19.0,12.788432138783996,6.211567861216004
18.0,15.363487997792372,2.6365120022076276
7.07,16.50387924528325,-9.433879073621874
8.0,14.666579873067146,-6.666579873067146
25.0,16.49925169224775,8.50074830775225
17.3,13.516085290379397,3.7839139466811496
16.0,12.516446116280889,3.483553883719111
5.0,9.350922064968938,-4.3509220649689375
8.25,11.426158336928058,-3.176158336928058
8.0,9.613865191210136,-1.6138651912101363
13.69,7.952215244272363,5.737784336110938
19.9,13.592043214141498,6.307956404388776
22.0,8.548371428546396,13.451628571453604
6.5,6.352004542673402,0.1479954573265978
12.0,7.785608715255947,4.214391284744053
13.39,14.924895446272846,-1.5348951029500917
36.85,23.72141836541874,13.128580108702355
27.47,18.906640583304746,8.563358730049746
6.0,8.028173168034463,-2.0281731680344635
21.54,18.668703683561723,2.8712972319656203
12.43,10.426519162829546,2.003481142346235
19.7,14.75828891725643,4.941711845683024
7.5,8.01806983283759,-0.5180698328375897
25.95,19.48135765518114,6.468643107758314
25.95,13.83248678905009,12.117513973889363
11.53,19.23879320240262,-7.708793469431427
5.5,6.518611071689822,-1.018611071689822
9.62,10.926338749878802,-1.30633886431972
5.25,5.119904250993251,0.13009574900674892
11.5,10.759732220862382,0.7402677791376178
17.0,19.739673228386838,-2.739673228386838
11.0,15.354445101530464,-4.354445101530464
13.0,11.016987355133121,1.9830126448668786
7.32,9.593486517747454,-2.2734863460860772
5.5,10.25991263381313,-4.75991263381313
11.52,14.75828891725643,-3.2382884594927575
15.0,15.424715033322101,-0.4247150333221015
13.5,13.021953695300605,0.47804630469939546
6.75,6.8143753873090915,-0.06437538730909154
12.5,11.259551807911638,1.2404481920883619
7.1,9.814353348539587,-2.7143534439070187
6.0,12.155887651031357,-6.155887651031357
14.43,16.24093611904205,-1.8109358138662692
13.78,11.999814969869487,1.7801847631017047
5.0,5.786330367058923,-0.7863303670589232
4.49,8.140260885686423,-3.6502611145682593
10.0,6.665640856589781,3.334359143410219
5.0,12.34983958726447,-7.349839587264469
17.68,18.26059314070175,-0.5805928355259695
4.38,8.452034831321619,-4.072034716880701
6.88,8.184676361854006,-1.304676247413088
12.5,10.35056123906745,2.1494387609325507
13.9,12.999454143967998,0.900545474562275
7.0,16.091141149387777,-9.091141149387777
12.0,14.317357185018382,-2.3173571850183823
9.0,11.759371394960894,-2.759371394960894
6.5,8.889611659268212,-2.389611659268212
16.0,17.353723449727482,-1.3537234497274824
2.13,8.184676361854006,-6.054676247413088
9.62,11.193697219346415,-1.573697333787333
20.2,17.90594097027127,2.2940597926681825
14.43,17.481018868049155,-3.0510185628733737
35.83,23.55481183640232,12.275189994652369
16.67,10.758671781927422,5.911328294366523
23.08,22.743218303717867,0.33678161998818723
4.25,13.167121111919379,-8.917121111919379
5.5,10.35056123906745,-4.850561239067449
15.59,15.258108504305685,0.3318916482822054
6.94,11.692456367460707,-4.752456310240248
25.0,13.924195833239374,11.075804166760626
5.0,9.760093046763874,-4.760093046763874
15.68,16.261314792504727,-0.581314487328946
9.53,7.785608715255947,1.7443910177152446
11.0,10.426519162829546,0.5734808371704538
4.25,6.185398013656986,-1.935398013656986
4.0,10.284706650502223,-6.284706650502223
8.25,11.759371394960894,-3.509371394960894
22.0,12.855347166284185,9.144652833715815
5.15,6.352004542673402,-1.2020044473059706
4.7,14.908083886910703,-10.208084077645566
8.0,-1.481267505852581,9.481267505852582
12.0,12.75204383530539,-0.7520438353053898
2.0,-1.0742174019275712,3.074217401927571
5.0,7.1486488842768905,-2.1486488842768905
7.0,9.760093046763874,-2.760093046763874
12.0,5.762338279716049,6.237661720283951
17.49,11.592764865944478,5.897234905173686
6.75,6.453816922059561,0.2961830779404391
6.5,8.19371925811592,-1.6937192581159195
4.5,-4.556142951910214,9.056142951910214
8.65,13.100206084419192,-4.450206465888918
10.0,6.482222768211217,3.5177772317887834
5.5,-5.555782126008725,11.055782126008726
7.5,9.593486517747454,-2.093486517747454
3.57,11.83320844085307,-8.263208507610273
18.25,14.696001442791736,3.5539985572082635
16.0,16.33264516323133,-0.3326451632313301
25.0,24.07607053584922,0.9239294641507811
12.0,13.016265703330145,-1.016265703330145
15.35,9.850741652018193,5.499258729451533
16.67,10.850380826116702,5.819619250177244
6.25,16.68729733366181,-10.43729733366181
4.25,12.34983958726447,-8.09983958726447
17.3,17.240575293140562,0.05942394391998462
20.83,16.68729733366181,4.1427025900442445
18.46,20.83564899971013,-2.3756499152374744
10.0,6.852884568657623,3.1471154313423773
11.55,11.759371394960894,-0.20937120422603073
11.0,10.092245665861746,0.9077543341382537
15.89,15.665158608230694,0.22484173509205974
23.08,15.508655414411152,7.571344509294903
4.25,0.25863483020377664,3.9913651697962234
5.0,3.575014290104966,1.4249857098950338
17.45,10.01734818103461,7.4326525819048435
12.82,15.831765137247114,-3.0117654424228952
6.8,8.028173168034463,-1.2281729772996002
4.25,4.2778287096492456,-0.027828709649245553
8.65,10.951132766567898,-2.301133148037625
8.0,13.279208829571344,-5.279208829571344
13.25,13.091163188157282,0.15883681184271836
6.75,12.09258445299373,-5.34258445299373
5.5,-4.889356009943051,10.38935600994305
7.5,12.42579751102657,-4.92579751102657
9.25,15.165339021181438,-5.915339021181438
29.12,18.40682099625549,10.713179842977908
24.75,17.907001409206234,6.842998590793766
8.96,14.112241474653436,-5.152241436506463
8.0,10.25991263381313,-2.25991263381313
7.0,6.352004542673402,0.6479954573265978
17.3,18.92701925676743,-1.6270200197068831
12.03,10.926338749878802,1.1036609830923894
9.0,14.938565895570257,-5.938565895570257
5.5,9.260273459714618,-3.760273459714618
4.45,4.981703568128488,-0.5317037588633511
6.06,7.447980313996693,-1.387980371217152
21.63,16.740755706091306,4.889243454675295
5.83,9.593486517747454,-3.7634865940413995
43.25,19.647964184197555,23.602035815802445
37.5,12.925617098075826,24.574382901924174
8.19,11.426158336928058,-3.236158756544757
21.63,16.740755706091306,4.889243454675295
6.0,9.017709006936098,-3.017709006936098
9.75,12.832847614951579,-3.0828476149515787
8.65,13.332667202000835,-4.682667583470561
7.0,10.18395471005103,-3.1839547100510295
6.0,6.40732528338408,-0.4073252833840799
10.0,8.447619488095205,1.5523805119047953
12.5,8.351282890870426,4.148717109129574
25.48,20.501375502742327,4.978624039494001
5.0,6.851824129722658,-1.851824129722658
14.43,10.934321207205752,3.4956790979700294
24.47,17.164617369378462,7.30538194397603
28.85,25.150607194774864,3.699393186694863
42.73,22.388566133287387,20.34143340894894
7.0,15.675261943427572,-8.675261943427572
9.0,13.933238729501284,-4.933238729501284
7.0,8.194779697050883,-1.1947796970508833
18.0,12.925617098075826,5.074382901924174
18.0,12.925617098075826,5.074382901924174
13.55,16.761134379553987,-3.2111341888191234
9.3,9.517528593985354,-0.2175284032504905
14.24,17.5737883511734,-3.3337885800552343
18.0,15.90666262207425,2.0933373779257494
9.09,8.851102477919682,0.238897674668209
17.64,8.351282890870426,9.288716498778012
11.53,13.99909331806651,-2.469093585095319
19.15,14.929522999308345,4.2204766192219285
12.2,8.684495948903262,3.515503860361875
14.44,10.426519162829546,4.013480417553755
15.0,16.498191253312786,-1.4981912533127861
9.54,10.683774297100285,-1.143774335247258
17.45,13.092223627092242,4.357777135847211
24.0,11.591704427009514,12.408295572990486
14.43,18.814931539115463,-4.384931233939682
16.35,16.07432959002563,0.2756707914440959
5.0,7.185037187755498,-2.1850371877554977
18.7,13.499273731017254,5.200727031922199
8.0,17.09078032348629,-9.090780323486289
18.75,13.021953695300605,5.7280463046993955
5.5,6.352004542673402,-0.8520045426734022
4.92,12.849659174313725,-7.92965909801978
7.0,11.83320844085307,-4.83320844085307
4.5,9.92669957578029,-5.42669957578029
8.2,11.683413471198797,-3.4834136619336604
17.25,13.758649743157918,3.4913502568420824
12.03,8.184676361854006,3.8453233711171855
18.2,9.184315535952518,9.015685226986935
2.86,8.351282890870426,-5.4912829957746006
12.0,7.240357928466172,4.759642071533828
14.7,12.591343601108026,2.108656208157111
24.0,15.85426468857972,8.14573531142028
14.42,11.091884839960258,3.328115236333687
9.0,11.27993048137432,-2.27993048137432
19.72,18.573427525271907,1.1465717880825856
8.0,16.573088738139923,-8.573088738139923
12.0,10.759732220862382,1.2402677791376178
13.16,6.851824129722658,6.308175717689451
11.25,11.259551807911638,-0.009551807911638122
18.0,13.35516675333344,4.644833246666559
13.5,15.241296944943539,-1.7412969449435387
8.75,10.25991263381313,-1.50991263381313
12.72,17.740394880189815,-5.020394613161006
11.31,10.592065252911002,0.717935166705697
6.0,6.185398013656986,-0.18539801365698594
9.0,10.426519162829546,-1.4265191628295462
21.47,16.07432959002563,5.3956697233288615
5.0,9.694238458198647,-4.694238458198647
12.5,11.61755888263357,0.8824411173664295
25.48,20.080868743746624,5.399130798489704
14.41,12.456279519686124,1.9537203277259856
10.1,14.938565895570257,-4.83856551410053
7.2,8.52799275508372,-1.3279929458185826
14.4,7.785608715255947,6.614390903274327
9.1,11.047469363792676,-1.947468982322949
23.08,20.722500843123203,2.3574990805828513
7.0,12.166421498885907,-5.1664214988859065
19.28,11.759371394960894,7.520629291684614
8.71,9.017709006936098,-0.30770896878912524
9.38,13.349478761362981,-3.969478646922063
12.0,8.981320703457495,3.018679296542505
13.0,10.926338749878802,2.073661250121198
9.63,11.759371394960894,-2.129371280519976
16.45,18.49746960150981,-2.0474688385703566
5.0,9.517528593985354,-4.517528593985354
20.83,13.257769717173698,7.572230206532357
7.0,9.027812342132975,-2.0278123421329752
10.0,10.25991263381313,-0.2599126338131299
13.0,15.025647386724039,-2.0256473867240388
22.0,12.925617098075826,9.074382901924174
8.0,12.334088466837287,-4.3340884668372865
6.0,12.925617098075826,-6.925617098075826
23.09,19.98011680329543,3.10988334929246
19.23,16.16497819527995,3.065021346956378
8.0,12.667301524870123,-4.667301524870123
11.11,11.592764865944478,-0.48276520926723165
4.6,3.2880343611588643,1.311965543473704
11.82,18.165316982411934,-6.345317287587715
4.55,10.09330610479671,-5.543305914061847
10.0,12.42579751102657,-2.4257975110265697
7.41,6.711072056330298,0.698927791081811
28.83,18.24021446723907,10.589785456466984
4.5,4.981703568128488,-0.4817035681284878
11.0,11.925977923977314,-0.9259779239773138
10.08,12.683052645297305,-2.6030527215912507
9.05,12.516446116280889,-3.466445925546026
8.0,6.119543425091759,1.8804565749082407
5.15,4.953297721976831,0.19670237339060037
5.0,8.194779697050883,-3.1947796970508833
12.03,7.185037187755498,4.844962545215694
16.83,15.831765137247114,0.9982347864589407
2.1,18.905580144369782,-16.805580239737214
28.23,24.22123795246799,4.008761589768337
7.0,7.981681529358984,-0.9816815293589842
6.0,5.453117309026087,0.5468826909739128
10.1,16.906301796172762,-6.806301414703036
18.0,9.92563913684533,8.07436086315467
6.75,9.850741652018193,-3.1007416520181934
11.21,9.11404560416088,2.0959544339860923
10.0,14.42507585922359,-4.42507585922359
5.0,9.7474383210394,-4.7474383210394
15.0,8.684495948903262,6.315504051096738
14.09,12.42579751102657,1.664202641561321
6.93,7.85146330382117,-0.9214634754825468
6.74,7.952215244272363,-1.212215473154199
16.0,14.833186402083566,1.166813597916434
6.25,10.479719025670299,-4.229719025670299
10.0,17.332284337329842,-7.332284337329842
9.58,8.517889419886846,1.0621105038192091
21.15,16.906301796172762,4.243697822357511
6.5,5.649190123129125,0.8508098768708754
8.03,5.6649412435563065,2.365058489414885
24.03,17.998710453395518,6.03129023324999
12.98,18.573427525271907,-5.593427983035578
23.4,21.22232043017246,2.177679188357814
15.88,7.119182599190271,8.760817515250647
11.78,16.091141149387777,-4.311141416416586
7.0,12.683052645297305,-5.683052645297305
15.1,17.40718182215698,-2.307181440687252
21.0,13.091163188157282,7.908836811842718
5.5,11.767353852287844,-6.267353852287844
9.32,10.790214229521936,-1.4702145346977176
14.43,9.45167400542013,4.9783262997556506
4.0,-1.8803351524506429,5.880335152450643
8.75,10.314172935588843,-1.564172935588843
8.5,6.3156162391947985,2.1843837608052015
8.0,7.406964457482592,0.5930355425174083
25.0,18.990580964393796,6.009419035606204
24.03,21.48063600337816,2.549364683267349
6.0,14.923835007337885,-8.923835007337885
5.82,9.527631929182231,-3.707631757520854
15.0,11.759371394960894,3.240628605039106
11.5,16.028853674923084,-4.528853674923084
24.03,18.195798991071488,5.83420169557402
4.25,6.119543425091759,-1.8695434250917593
8.65,3.212334946985509,5.4376646715447645
5.5,7.861566639018044,-2.3615666390180436
19.19,15.288590512965236,3.9014100210923814
19.1,19.834949386676655,-0.7349490052069285
14.0,12.026729864428507,1.973270135571493
4.44,17.240575293140562,-12.800575235920103
16.83,19.072186673386202,-2.2421867496801475
7.0,10.18395471005103,-3.1839547100510295
23.17,15.424715033322101,7.745285042971844
10.98,11.092945278895222,-0.11294573665889374
5.25,7.694960110001627,-2.4449601100016274
17.3,16.33264516323133,0.9673540738292168
7.18,10.780110894325064,-3.6001110659864413
6.25,18.40682099625549,-12.15682099625549
7.0,13.849298348412237,-6.849298348412237
11.54,13.112602300554924,-1.5726023387018966
7.3,6.185398013656986,1.1146021770778773
7.0,12.166421498885907,-5.1664214988859065
8.0,10.593125691845966,-2.593125691845966
7.0,17.18711692071107,-10.18711692071107
5.5,4.953297721976831,0.5467022780231687
10.0,6.119543425091759,3.8804565749082407
40.0,24.312946996657274,15.687053003342726
11.54,12.166421498885907,-0.6264215370328792
14.43,7.185037187755498,7.2449631174202835
22.5,17.98189889403337,4.518101105966629
8.42,10.01734818103461,-1.5973481047406644
13.75,15.258108504305685,-1.5081085043056852
5.34,11.516806942182377,-6.176806789594487
12.03,9.027812342132975,3.002187390838216
7.0,6.882306138382212,0.11769386161778783
5.1,5.666001682491269,-0.566001777858701
12.5,14.407203860926483,-1.907203860926483
16.0,13.166060672984418,2.8339393270155817
25.0,14.354805927431952,10.645194072568048
12.98,16.52069080464539,-3.5406912624090623
6.92,-4.556142951910214,11.47614302820416
9.38,14.34134927236126,-4.961349157920342
37.5,20.57270587346893,16.92729412653107
19.23,22.22195960427097,-2.991960062034643
11.19,16.498191253312786,-5.308191672929485
11.5,11.016987355133121,0.48301264486687856
14.64,10.925278310943842,3.714722032378912
25.0,18.095047050620295,6.904952949379705
9.0,10.05585736238314,-1.05585736238314
14.91,9.517528593985354,5.392471253426756
8.5,12.334088466837287,-3.8340884668372865
21.16,16.24093611904205,4.919063728370059
17.05,18.23915402830411,-1.1891547912435634
6.1,7.185037187755498,-1.0850372831229294
15.95,17.073968764124142,-1.1239689548590057
9.79,13.854986340382696,-4.064986378529669
14.16,13.166060672984418,0.9939391744276911
28.38,17.165677808313422,11.21432135245318
5.5,-1.647874034869,7.147874034869
5.0,11.855707992185673,-6.855707992185673
11.53,10.517167768083866,1.0128319648873259
16.0,15.90772306100921,0.09227693899078915
33.22,19.647964184197555,13.57203703650557
12.0,11.759371394960894,0.240628605039106
19.25,9.850741652018193,9.399258347981807
38.45,11.516806942182377,26.933193820757076
4.25,6.685217600706242,-2.435217600706242
0.84,9.2760245801418,-8.436024606367845
7.06,6.619363012141015,0.4406369306385258
4.75,6.352004542673402,-1.6020045426734022
4.0,8.861205813116555,-4.861205813116555
15.0,11.146145141735971,3.853854858264029
23.08,16.07432959002563,7.005670333680424
17.5,20.738251963550386,-3.238251963550386
13.75,8.517889419886846,5.232110580113154
5.0,9.017709006936098,-4.017709006936098
8.0,8.723005130251796,-0.7230051302517957
10.0,7.68485677480475,2.31514322519525
21.02,16.24093611904205,4.779064338721621
6.04,9.684135123001774,-3.6441351611487462
7.0,7.518250245788334,-0.5182502457883338
4.25,8.194779697050883,-3.9447796970508833
11.0,11.1133239523579,-0.11332395235790038
4.5,8.981320703457495,-4.481320703457495
18.0,15.021232043497625,2.9787679565023755
9.0,10.25991263381313,-1.25991263381313
12.0,11.591704427009514,0.408295572990486
17.86,19.50279676757878,-1.6427961572272167
26.92,19.906279757403258,7.013720318890687
16.25,13.83248678905009,2.4175132109499096
8.75,12.09258445299373,-3.34258445299373
14.48,16.406482209123507,-1.9264826668871784
24.05,17.428620934554623,6.621378302505924
3.85,12.25919098201015,-8.409191077377582
27.88,19.239853641337582,8.64014551942902
5.0,13.349478761362981,-8.349478761362981
16.5,16.740755706091306,-0.24075570609130637
7.21,11.683413471198797,-4.4734134330518245
13.45,12.516446116280889,0.9335536929842476
10.05,11.555316123530908,-1.5053159327960444
4.25,7.018430658739078,-2.768430658739078
6.75,9.850741652018193,-3.1007416520181934
15.0,23.984361491659932,-8.984361491659932
7.5,17.572727912238435,-10.072727912238435
8.5,13.000514582902962,-4.500514582902962
7.21,9.517528593985354,-2.307528555838381
9.02,13.425436685125081,-4.40543622736141
5.0,7.68485677480475,-2.68485677480475
5.35,10.258852194878166,-4.908852290245598
6.0,9.92669957578029,-3.9266995757802903
9.0,11.016987355133121,-2.0169873551331214
2.3,7.018430658739078,-4.718430706422794
5.0,6.685217600706242,-1.6852176007062418
11.35,5.165121656507051,6.184878724962676
5.0,9.593486517747454,-4.593486517747454
8.0,10.09330610479671,-2.09330610479671
7.99,12.592404040042986,-4.602404268924822
14.0,11.27993048137432,2.72006951862568
10.58,9.425819549796074,1.1541803739099805
15.38,11.888529181563744,3.4914709328771742
15.0,16.07432959002563,-1.0743295900256307
13.0,14.25740889127221,-1.2574088912722097
4.44,8.69459928410014,-4.25459922687968
15.43,9.784887063452967,5.6451132417228145
9.0,9.92669957578029,-0.9266995757802903
14.18,12.683052645297305,1.496947659878476
14.96,16.24093611904205,-1.2809360808950778
30.78,24.721057539517247,6.058943147128261
17.0,13.258830156108662,3.7411698438913383
8.5,11.091884839960258,-2.591884839960258
6.75,12.666241085935162,-5.916241085935162
12.5,10.926338749878802,1.573661250121198
22.3,18.073607938222654,4.226391298837893
5.0,18.24021446723907,-13.24021446723907
4.9,9.760093046763874,-4.860092951396442
13.75,17.02051039169465,-3.27051039169465
8.6,7.452395657223107,1.1476047242466194
6.52,16.92417379446987,-10.404173813543355
4.8,8.684495948903262,-3.8844957581683985
16.0,15.021232043497625,0.9787679565023755
5.0,8.05657901418612,-3.05657901418612
5.75,9.760093046763874,-4.010093046763874
7.0,8.785247889354459,-1.7852478893544586
8.85,7.119182599190271,1.7308177822794555
18.87,14.33336681503431,4.536634024199088
30.75,21.980455590427415,8.769544409572585
5.3,8.684495948903262,-3.3844957581683985
28.83,12.258130543075186,16.57186938063087
4.33,9.146866793538951,-4.8168668698328965
6.04,14.924895446272846,-8.884895484419818
18.69,17.336911890365343,1.3530886436922742
13.5,12.183233058248053,1.316766941751947
17.89,11.27993048137432,6.610068908274117
13.75,13.166060672984418,0.5839393270155817
7.2,8.01806983283759,-0.818070023572453
7.0,6.352004542673402,0.6479954573265978
5.0,7.85146330382117,-2.85146330382117
17.0,12.516446116280889,4.483553883719111
10.0,11.855707992185673,-1.855707992185673
28.85,11.027090690329995,17.82290969113973
13.5,11.999814969869487,1.5001850301305133
7.0,13.499273731017254,-6.499273731017254
13.44,8.38176489952998,5.058234680853321
6.0,5.286510780009667,0.7134892199903327
9.0,10.356249231037909,-1.3562492310379088
10.1,9.527631929182231,0.5723684522874954
16.83,12.193336393444927,4.636663530261128
20.2,8.684495948903262,11.515504814036191
8.0,13.016265703330145,-5.016265703330145
12.13,10.01734818103461,2.1126519334063083
3.0,11.999814969869487,-8.999814969869487
4.35,9.184315535952518,-4.834315631319949
15.06,17.42756049561966,-2.3675600760029596
5.25,12.499634556918743,-7.249634556918743
21.15,9.017709006936098,12.132290611594176
16.83,15.924534620371357,0.9054653033346973
8.75,10.071608482810326,-1.3216084828103263
9.47,10.18395471005103,-0.7139544430222209
9.05,10.683774297100285,-1.633774106365422
11.53,11.592764865944478,-0.06276513297328634
13.0,12.516446116280889,0.4835538837191109
5.0,12.666241085935162,-7.666241085935162
11.0,14.091862801190754,-3.0918628011907536
10.67,9.684135123001774,0.9858649532921717
9.5,10.25991263381313,-0.7599126338131299
17.78,12.25919098201015,5.520809704635358
26.93,13.83248678905009,13.09751351612569
10.0,13.016265703330145,-3.016265703330145
28.35,20.40609934445251,7.943901037017216
8.0,7.406964457482592,0.5930355425174083
20.68,18.835310212578143,1.844690092597638
21.63,13.499273731017254,8.130725429749347
16.3,13.854986340382696,2.4450128966778504
19.94,20.071825847484714,-0.1318253134270968
11.25,12.575333971092098,-1.325333971092098
11.73,18.40682099625549,-6.676821454019162
12.0,12.258130543075186,-0.2581305430751861
18.16,15.3533846625955,2.806615184816609
7.15,9.426879988731034,-2.2768798933636027
38.45,17.40612138322202,21.043879379717435
25.43,17.2395148542056,8.190485450970183
18.46,18.905580144369782,-0.44558105989712615
36.05,17.416224718418892,18.633774518641655
7.88,19.646903745262595,-11.766903630821677
6.0,8.114406430062369,-2.1144064300623686
38.46,19.906279757403258,18.5537193270694
25.89,13.665880260033674,12.224119129614763
48.08,21.072525460518186,27.0074763705365
9.5,12.25919098201015,-2.75919098201015
16.6,14.332306376099346,2.2676940053703802
6.5,8.313834148456856,-1.8138341484568556
8.0,7.185037187755498,0.8149628122445023
18.75,11.183593884149541,7.566406115850459
6.5,10.442270283256729,-3.942270283256729
12.5,14.832125963148602,-2.332125963148602
17.0,17.595227463571042,-0.5952274635710424
5.35,8.351282890870426,-3.0012829862378574
39.0,18.906640583304746,20.093359416695254
12.5,14.688018985464788,-2.1880189854647885
10.84,12.516446116280889,-1.6764459636929985
9.0,11.350200413165958,-2.3502004131659575
8.0,10.25991263381313,-2.25991263381313
8.5,12.832847614951579,-4.332847614951579
5.75,12.100566910320683,-6.350566910320683
9.0,10.517167768083866,-1.5171677680838656
8.0,8.814714174441075,-0.8147141744410753
17.3,22.243398716668615,-4.943399479608068
5.0,8.517889419886846,-3.5178894198868456
5.0,15.091501975289265,-10.091501975289265
21.9,15.929162173406857,5.970837445123417
10.05,11.1133239523579,-1.063323761623037
17.75,12.759010569059406,4.990989430940594
4.6,6.685217600706242,-2.0852176960736735
4.25,7.185037187755498,-2.9350371877554977
9.34,15.187838572514044,-5.847838419926154
8.56,8.184676361854006,0.3753240577626933
25.0,10.25991263381313,14.74008736618687
7.0,10.850380826116702,-3.8503808261167016
23.95,22.501714289874315,1.4482864730651386
4.65,15.091501975289265,-10.441501879921834
7.15,12.667301524870123,-5.517301429502691
9.89,12.016626529231633,-2.1266261859088793
18.65,18.00227756749605,0.6477220510342221
11.63,13.092223627092242,-1.4622235126513239
6.6,13.666940698968634,-7.066940794336066
10.8,8.851102477919682,1.9488977128151816
22.64,22.555172662303807,0.08482672734463037
6.75,11.850020000215213,-5.100020000215213
8.0,8.3613862260673,-0.36138622606729953
9.61,8.184676361854006,1.4253232948232402
4.25,8.184676361854006,-3.934676361854006
8.78,10.280291307275808,-1.500291574304617
5.58,5.1108613547313375,0.4691385689747172
7.1,12.849659174313725,-5.749659269681157
7.0,12.187860611283549,-5.187860611283549
9.0,16.739695267156343,-7.739695267156343
5.0,8.05657901418612,-3.05657901418612
18.0,14.924895446272846,3.0751045537271544
18.0,14.188199398415533,3.8118006015844674
16.83,9.184315535952518,7.645684387753537
25.64,19.57306669937042,6.066932690278019
9.25,12.683052645297305,-3.4330526452973054
19.42,19.739673228386838,-0.3196731520928928
12.72,17.073968764124142,-4.353968497095334
18.44,13.854986340382696,4.585014193674921
4.86,12.168283867167089,-7.308283733652685
12.0,13.258830156108662,-1.2588301561086617
38.46,18.573427525271907,19.88657155920075
8.43,12.456279519686124,-4.0262792145103425
7.0,2.363292671887489,4.636707328112511
14.1,16.104811598685185,-2.004811217215458
11.0,18.740034054288326,-7.740034054288326
26.6,15.591321562338521,11.008678819131205
13.0,7.285789128206691,5.714210871793309
15.0,14.59168238824001,0.4083176117599905
5.0,5.786330367058923,-0.7863303670589232
7.5,18.437303004915044,-10.937303004915044
19.0,9.61828053443655,9.38171946556345
7.0,8.351282890870426,-1.3512828908704257
16.35,19.1481445971483,-2.7981442156785725
9.68,9.017709006936098,0.6622912982396834
9.5,13.349478761362981,-3.849478761362981
35.38,17.40718182215698,17.972819245958256
13.64,12.09258445299373,1.5474158903290238
16.83,14.02600821262553,2.803991711080524
6.19,12.925617098075826,-6.735617040855367
27.47,18.906640583304746,8.563358730049746
13.1,12.945995771538504,0.15400460993122245
10.3,8.517889419886846,1.7821107708480177
8.0,9.92669957578029,-1.9266995757802903
7.78,12.759010569059406,-4.979010359251056
5.0,11.83320844085307,-6.83320844085307
30.58,18.24021446723907,12.339785456466984
10.0,15.6876581595633,-5.6876581595633
16.35,19.313690687229755,-2.9636903057600286
9.5,11.259551807911638,-1.7595518079116381
12.12,12.849659174313725,-0.7296592887546431
17.27,14.832125963148602,2.4378744946150697
12.0,11.354827966201457,0.6451720337985432
5.0,7.785608715255947,-2.7856087152559468
25.48,11.925977923977314,13.554021618259014
5.5,6.785969541157435,-1.285969541157435
32.93,20.823252783574397,12.106747521601385
6.4,5.619723838042507,0.7802762573249247
20.2,11.925977923977314,8.27402283896214
14.0,12.721561826645836,1.2784381733541643
6.0,7.185037187755498,-1.1850371877554977
9.63,8.851102477919682,0.7788976365212363
9.61,21.722140017221715,-12.112140360544469
8.9,11.935020820239227,-3.035021201708954
16.67,9.760093046763874,6.909907029530071
11.0,9.760093046763874,1.239906953236126
7.7,5.619723838042507,2.0802759712226297
14.43,12.592404040042986,1.8375962651327953
24.87,16.33158472429637,8.538416114937029
19.0,10.35960413532936,8.64039586467064
4.5,7.285789128206691,-2.785789128206691
6.0,15.525466973773298,-9.525466973773298
21.08,17.073968764124142,4.006031159581912
9.58,9.526571490247267,0.05342843345878734
12.0,14.258469330207173,-2.2584693302071734
7.07,7.715338783464304,-0.6453386118029272
7.0,8.851102477919682,-1.8511024779196816
10.58,11.66660191183665,-1.086601988130596
8.57,10.683774297100285,-2.1137746022760666
7.18,7.85146330382117,-0.6714634754825468
9.61,8.351282890870426,1.2587167658068203
12.5,12.999454143967998,-0.4994541439679985
6.25,7.285789128206691,-1.035789128206691
6.0,16.75756726545345,-10.75756726545345
10.0,6.851824129722658,3.148175870277342
24.03,23.98877683488635,0.041223851759156105
38.46,17.740394880189815,20.71960420428284
5.5,16.07432959002563,-10.57432959002563
14.43,20.31439030026323,-5.884389995087449
10.0,12.221742239596583,-2.2217422395965833
18.0,18.24021446723907,-0.24021446723907047
6.15,6.685217600706242,-0.5352175053388102
23.75,23.243037890767127,0.5069621092328731
9.25,13.925256272174334,-4.675256272174334
8.08,14.091862801190754,-6.011862877484699
5.0,11.016987355133121,-6.016987355133121
12.4,12.25919098201015,0.14080863652012354
5.0,10.18395471005103,-5.1839547100510295
6.92,13.592043214141498,-6.672043137847552
7.84,11.683413471198797,-3.8434133186109065
6.88,8.851102477919682,-1.9711023634787637
6.35,8.684495948903262,-2.3344960442706935
8.25,9.017709006936098,-0.7677090069360979
12.8,16.49925169224775,-3.6992515015128866
19.24,10.35056123906745,8.889438532050715
15.0,11.258491368976678,3.741508631023322
7.0,12.999454143967998,-5.9994541439679985
6.0,10.09330610479671,-4.09330610479671
7.3,14.498912905115766,-7.198912714380903
5.0,6.685217600706242,-1.6852176007062418
20.85,14.832125963148602,6.017874418321124
12.25,11.66660191183665,0.5833980881633494
6.73,7.68485677480475,-0.9548567557312637
11.54,22.813488235509507,-11.27348827365648
5.0,11.350200413165958,-6.3502004131659575
20.2,14.42507585922359,5.774924903715863
18.75,16.020871217596138,2.729128782403862
4.9,14.908083886910703,-10.008083791543271
9.62,10.926338749878802,-1.30633886431972
8.65,15.999432105198494,-7.349432486668221
9.18,10.092245665861746,-0.9122453606859651
5.0,10.25991263381313,-5.25991263381313
7.5,16.091141149387777,-8.591141149387777
20.2,19.34060558178878,0.8593951811506741
4.66,7.185037187755498,-2.5250373403433883
4.25,11.055496536481652,-6.805496536481652
9.24,13.095790741192777,-3.8557909700746134
13.46,10.194058045247903,3.2659419928990694
13.64,15.499612518149238,-1.8596121748264842
7.5,3.1759466435069044,4.324053356493096
7.25,18.174359878673847,-10.924359878673847
9.23,6.286149954108179,2.943849588128149
14.4,15.6876581595633,-1.2876585410330268
13.0,7.68485677480475,5.31514322519525
15.58,16.187477746612558,-0.6074778229065032
5.78,11.183593884149541,-5.403593674341192
15.56,12.759010569059406,2.8009898505572934
13.89,9.184315535952518,4.705684807370236
18.45,15.091501975289265,3.3584987876501877
6.0,10.09330610479671,-4.09330610479671
5.0,10.01734818103461,-5.01734818103461
7.14,7.018430658739078,0.1215692077465178
7.08,12.759010569059406,-5.679010645353351
5.0,11.426158336928058,-6.426158336928058
13.46,19.501736328643815,-6.041736290496843
33.0,17.09078032348629,15.909219676513711
12.91,12.484685365837779,0.4253144815743308
4.5,11.091884839960258,-6.591884839960258
5.0,10.113684778259389,-5.113684778259389
13.0,12.522134108251349,0.47786589174865135
10.0,7.276746231944777,2.7232537680552227
34.96,18.147444984114827,16.81255410035783
12.66,9.456301558455628,3.203698288956481
17.3,16.5831920733368,0.7168071637237468
18.29,12.279569655472832,6.010431260054512
48.08,15.074690415927119,33.005311415127565
19.24,19.406460170354002,-0.166460399235838
12.0,13.425436685125081,-1.4254366851250815
22.73,19.760051901849522,2.969947640386806
12.0,12.592404040042986,-0.592404040042986
17.78,12.924556659140862,4.855444027504646
8.89,12.34983958726447,-3.4598392439417154
15.0,16.187477746612558,-1.187477746612558
13.0,11.40908826797717,1.59091173202283
64.08,13.665880260033674,50.41412157102101
14.0,13.092223627092242,0.9077763729077581
12.0,13.500334169952218,-1.5003341699522181
7.0,1.768196926548418,5.231803073451582
27.7,17.240575293140562,10.45942546979889
9.0,11.092945278895222,-2.092945278895222
11.0,13.758649743157918,-2.7586497431579176
1.57,14.175803182279804,-12.605803129827716
6.05,5.286510780009667,0.7634894107251959
15.0,10.683774297100285,4.316225702899715
19.25,14.021592869399116,5.228407130600884
10.42,17.907001409206234,-7.487001332912289
10.3,14.59168238824001,-4.291682197505146
13.84,16.574149177074887,-2.734149024486996
12.0,10.113684778259389,1.8863152217406114
8.65,11.426158336928058,-2.7761587183977845
30.24,19.168523270610983,11.071476500507181
11.5,9.850741652018193,1.6492583479818066
11.54,11.592764865944478,-0.052764904091450404
20.2,15.741116531992795,4.4588842309466585
50.0,12.832847614951579,37.167152385048425
13.0,17.353723449727482,-4.353723449727482
4.25,10.35056123906745,-6.100561239067449
7.7,17.853543036776742,-10.153543227511605
15.94,8.851102477919682,7.088897102463619
25.82,15.85426468857972,9.965735006244499
14.0,11.683413471198797,2.316586528801203
12.5,15.020171604562664,-2.5201716045626643
25.29,13.516085290379397,11.773915625147946
8.65,11.592764865944478,-2.9427652474142043
14.0,11.689101463169257,2.3108985368307433
12.0,13.925256272174334,-1.9252562721743338
14.43,19.50279676757878,-5.072796462402998
29.91,21.147422945345323,8.762576902066787
10.25,16.574149177074887,-6.3241491770748866
18.84,21.980455590427415,-3.140455437839524
12.0,13.349478761362981,-1.349478761362981
25.0,17.520329978743902,7.479670021256098
6.65,11.758310956025934,-5.108310860658502
18.0,16.621442745096587,1.3785572549034129
5.0,17.507933762608175,-12.507933762608175
6.5,10.850380826116702,-4.350380826116702
23.08,19.981177242230395,3.09882268147566
10.5,10.426519162829546,0.07348083717045384
10.0,11.35588840513642,-1.3558884051364206
8.75,8.3613862260673,0.38861377393270047
15.47,10.859423722378615,4.610576544650193
42.55,24.721057539517247,17.8289416975433
6.0,5.119904250993251,0.8800957490067489
6.25,8.184676361854006,-1.934676361854006
4.0,4.444435238665664,-0.4444352386656636
16.83,16.257747678404193,0.5722522453018613
7.0,10.25991263381313,-3.25991263381313
5.44,26.220516300665015,-20.780516243444556
5.0,4.981703568128488,0.018296431871512198
11.0,16.166038634214914,-5.166038634214914
6.88,9.860844987215067,-2.9808448727741492
11.0,10.4570011714891,0.5429988285108998
19.24,18.981538068131883,0.25846170298628124
10.1,14.258469330207173,-4.158468948737447
9.53,11.426158336928058,-1.8961586039568665
9.35,13.18856022431702,-3.8385598428472942
7.0,10.69387763229716,-3.693877632297159
31.86,14.42507585922359,17.434924751127973
12.5,12.945995771538504,-0.4459957715385041
28.85,13.332667202000835,15.517333179468892
8.0,7.68485677480475,0.31514322519524995
12.18,17.336911890365343,-5.156911585189562
5.0,10.22246389139956,-5.22246389139956
7.25,9.517528593985354,-2.267528593985354
18.0,14.498912905115766,3.501087094884234
8.0,12.355527579234929,-4.355527579234929
8.0,12.022314521202093,-4.022314521202093
16.0,13.665880260033674,2.334119739966326
8.65,12.925617098075826,-4.275617479545552
14.49,15.85426468857972,-1.364264917461556
3.75,11.350200413165958,-7.6002004131659575
7.5,15.407903473959959,-7.9079034739599585
9.0,6.185398013656986,2.814601986343014
3.5,8.3613862260673,-4.8613862260672995
27.5,13.789131751817472,13.710868248182528
20.0,11.092945278895222,8.907054721104778
12.0,9.714617131661328,2.2853828683386723
3.75,-1.3975856343522768,5.147585634352277
45.0,17.07290832518918,27.92709167481082
6.0,4.240379967235677,1.7596200327643228
21.15,17.64762539706557,3.5023742214647022
16.83,15.508655414411152,1.321344509294903
8.05,15.999432105198494,-7.949431914463631
22.22,17.240575293140562,4.97942402021393
3.08,9.527631929182231,-6.447632005476176
42.73,20.14778377124681,22.582215770989517
35.0,10.446897836292228,24.55310216370777
49.46,18.573427525271907,30.88657155920075
17.3,14.59168238824001,2.7083168488205374
15.85,11.183593884149541,4.666406497320185
11.22,17.90594097027127,-6.685940703242462
17.28,19.926658430865935,-2.646657744220427
5.0,8.684495948903262,-3.684495948903262
11.25,7.68485677480475,3.56514322519525
13.0,4.8634510460687315,8.136548953931268
26.92,19.31475112616472,7.605248950129226
6.25,6.785969541157435,-0.535969541157435
48.08,14.998732492165022,33.08126933888967
19.22,17.073968764124142,2.1460305492303497
13.75,10.258852194878166,3.491147805121834
9.26,19.073247112321166,-9.81324688343933
6.5,10.092245665861746,-3.5922456658617463
6.6,11.66660191183665,-5.066602007204082
14.29,13.924195833239374,0.36580412861365375
15.71,13.83248678905009,1.8775132490968822
23.55,21.813849061411,1.7361501756495485
16.03,11.259551807911638,4.77044887873387
18.0,13.789131751817472,4.210868248182528
12.14,12.62288604870254,-0.48288570537978615
12.0,16.916405131369636,-4.916405131369636
17.76,12.516446116280889,5.243554112600947
18.0,14.188199398415533,3.8118006015844674
11.0,12.09258445299373,-1.09258445299373
12.0,15.354445101530464,-3.354445101530464
9.22,14.258469330207173,-5.038469063178365
4.25,9.684135123001774,-5.434135123001774
17.96,12.832847614951579,5.127151469521078
6.0,7.281373784980277,-1.2813737849802767
11.25,12.855347166284185,-1.6053471662841847
12.73,18.33549062552889,-5.605491083292563
8.0,13.688379811366277,-5.688379811366277
4.75,3.9446156516164077,0.8053843483835923
7.35,9.184315535952518,-1.8343156313199493
27.7,11.683413471198797,16.016587291740656
19.23,21.980455590427415,-2.7504560481910865
9.05,10.683774297100285,-1.633774106365422
19.23,11.592764865944478,7.63723467629185
8.84,14.741477357894283,-5.901477205306392
17.3,20.814209887312487,-3.5142106502519397
13.45,16.594527850537567,-3.14452804127243
8.5,13.425436685125081,-4.9254366851250815
12.66,14.998732492165022,-2.3387326447529126
18.6,12.333028027902326,6.2669723535674
11.22,16.33264516323133,-5.1126448962025215
10.35,9.92669957578029,0.4233008056894363
14.44,16.424354207420613,-1.9843546270373125
6.66,12.849659174313725,-6.189659326901616
13.65,8.239997102564683,5.410002515965591
4.35,8.452034831321619,-4.102034926689051
14.43,14.258469330207173,0.1715309749686078
6.25,13.516085290379397,-7.266085290379397
16.2,15.165339021181438,1.0346617417580148
7.5,7.285789128206691,0.2142108717933091
5.0,8.861205813116555,-3.8612058131165554
6.0,9.350922064968938,-3.3509220649689375
38.46,20.980816416328903,17.479182668143753
34.96,21.48063600337816,13.479363081094498
10.78,14.258469330207173,-3.478469597235982
16.83,16.424354207420613,0.40564571628544144
32.05,24.054631423451575,7.995367813608972
5.0,10.442270283256729,-5.442270283256729
12.03,13.280269268506304,-1.2502695355351126
9.32,11.092945278895222,-1.7729455840710031
8.0,10.759732220862382,-2.7597322208623822
5.5,11.683413471198797,-6.183413471198797
6.0,8.351282890870426,-2.3512828908704257
7.0,5.24107958026915,1.75892041973085
33.33,15.90772306100921,17.422278770045477
5.0,7.85146330382117,-2.85146330382117
8.31,7.85146330382117,0.45853711579552936
15.0,10.092245665861746,4.907754334138254
22.13,19.406460170354002,2.7235389904125995
17.86,18.835310212578143,-0.9753096022265808
32.05,17.836731477414595,14.213267759645952
23.5,16.407542648058467,7.092457351941533
30.62,19.981177242230395,10.638823597003004
16.0,11.016987355133121,4.983012644866879
3.85,9.425819549796074,-5.575819645163506
6.24,8.951854418370875,-2.7118546472527107
6.88,8.906423218630358,-2.0264231041894405
6.67,12.68411308423227,-6.014113007938324
7.5,11.850020000215213,-4.350020000215213
9.7,10.147566406572423,-0.44756659730728643
6.52,10.813992522638099,-4.293992541711585
9.6,15.831765137247114,-6.231764755777387
11.0,13.499273731017254,-2.4992737310172544
11.05,11.999814969869487,-0.9498147791346234
6.5,4.007918849654034,2.4920811503459657
5.75,16.907362235107723,-11.157362235107723
5.4,6.518611071689822,-1.1186109763223904
6.78,6.518611071689822,0.2613891381185276
16.0,13.516085290379397,2.4839147096206027
10.16,13.425436685125081,-3.265436837712972
1.5,11.758310956025934,-10.258310956025934
9.33,15.407903473959959,-6.077903550253904
13.52,11.779750068423576,1.7402503893400958
4.25,9.92669957578029,-5.67669957578029
15.0,15.187838572514044,-0.18783857251404434
18.13,16.76219481848895,1.3678043422776511
6.25,12.925617098075826,-6.675617098075826
5.8,9.760093046763874,-3.9600928560290107
4.25,6.352004542673402,-2.102004542673402
6.35,13.516085290379397,-7.166085385746829
14.43,19.001916741594563,-4.571916436418782
11.0,1.3135947450129661,9.686405254987033
12.03,18.028132023120108,-5.9981322901489165
9.0,7.119182599190271,1.880817400809729
6.5,12.333028027902326,-5.833028027902326
9.79,12.999454143967998,-3.209454182114971
6.15,12.759010569059406,-6.609010473691974
12.22,17.336911890365343,-5.116911623336534
6.2,10.517167768083866,-4.317167958818729
22.16,15.924534620371357,6.235465227040752
12.88,14.354805927431952,-1.4748058129910344
12.2,13.592043214141498,-1.392043404876361
28.84,19.981177242230395,8.858822910357496
6.0,6.851824129722658,-0.8518241297226581
13.0,14.09080236225579,-1.0908023622557899
5.0,6.2112524692810425,-1.2112524692810425
9.52,13.516085290379397,-3.9960848326157254
7.0,8.351282890870426,-1.3512828908704257
9.5,12.592404040042986,-3.092404040042986
2.0,8.05657901418612,-6.05657901418612
15.82,10.759732220862382,5.0602674739618365
30.0,19.98011680329543,10.01988319670457
9.62,9.75903260782891,-0.1390327222698282
14.84,13.516085290379397,1.3239148622084933
11.5,15.407903473959959,-3.9079034739599585
31.25,21.239131989534606,10.010868010465394
33.56,20.31439030026323,13.245611073027785
5.0,15.331945550197858,-10.331945550197858
29.58,19.906279757403258,9.673720166302797
9.13,11.683413471198797,-2.553413356757879
8.89,17.40718182215698,-8.517181478834225
5.25,10.09330610479671,-4.84330610479671
11.0,10.280291307275808,0.7197086927241916
15.35,13.092223627092242,2.2577767543774847
10.85,17.40612138322202,-6.556121001752292
11.32,11.426158336928058,-0.10615864210383918
6.65,10.01734818103461,-3.367348085667178
5.0,6.352004542673402,-1.3520045426734022
10.21,9.280652133177297,0.929347904969676
5.51,9.850741652018193,-4.3407414231363575
10.0,20.90591893150177,-10.90591893150177
20.0,12.592404040042986,7.407595959957014
1.15,16.424354207420613,-15.274354231262471
14.43,11.925977923977314,2.5040223811984674
9.3,10.18395471005103,-0.8839545193161662
8.0,10.25991263381313,-2.25991263381313
7.96,11.183593884149541,-3.2235938460025686
11.0,13.52177328234986,-2.5217732823498604
5.0,14.091862801190754,-9.091862801190754
33.65,19.239853641337582,14.410147884541324
5.5,8.351282890870426,-2.8512828908704257
14.86,12.09258445299373,2.767415203683516
4.5,4.981703568128488,-0.4817035681284878
12.3,18.836370651513107,-6.536370460778244
42.73,18.740034054288326,23.989965487948
18.66,12.446176184489248,6.213823662922861
11.0,10.517167768083866,0.48283223191613445
10.0,11.999814969869487,-1.9998149698694867
7.0,16.020871217596138,-9.020871217596138
11.72,14.59168238824001,-2.871682121211201
5.0,6.685217600706242,-1.6852176007062418
18.25,13.425436685125081,4.8245633148749185
5.5,15.091501975289265,-9.591501975289265
6.0,8.517889419886846,-2.5178894198868456
5.45,9.184315535952518,-3.734315726687381
5.83,13.849298348412237,-8.019298424706182
14.43,13.758649743157918,0.6713505620178637
6.73,8.184676361854006,-1.4546763427805196
12.57,13.455918693784632,-0.8859189989604133
5.0,10.25991263381313,-5.25991263381313
8.4,15.433757929584015,-7.033758311053742
4.7,4.981703568128488,-0.2817037588633511
10.25,8.01806983283759,2.2319301671624103
12.41,11.689101463169257,0.7208983842428527
5.45,12.683052645297305,-7.233052836032169
48.07,26.387122829681434,21.682876865142784
19.0,12.354467140299969,6.645532859700031
8.87,16.166038634214914,-7.296038748655832
7.5,10.926338749878802,-3.426338749878802
10.33,13.182872232346561,-2.8528723086405066
10.0,20.814209887312487,-10.814209887312487
10.13,11.999814969869487,-1.8698148554285687
14.63,19.739673228386838,-5.10967311394592
11.68,9.350922064968938,2.3290782402068437
12.5,13.500334169952218,-1.0003341699522181
6.92,9.480079851571787,-2.560079775277842
13.0,15.574510002976375,-2.574510002976375
11.77,16.354084275628978,-4.584083817865306
6.5,5.786330367058923,0.7136696329410768
17.75,18.981538068131883,-1.2315380681318828
9.0,10.592065252911002,-1.5920652529110022
13.0,11.683413471198797,1.3165865288012029
13.45,16.740755706091306,-3.2907558968261696
11.0,9.684135123001774,1.3158648769982264
7.55,16.24093611904205,-8.690935928307187
7.0,10.683774297100285,-3.6837742971002854
20.2,19.57306669937042,0.6269340635690348
16.35,16.020871217596138,0.3291291638735885
13.46,12.42579751102657,1.034202527120403
12.5,14.091862801190754,-1.5918628011907536
9.5,11.592764865944478,-2.0927648659444777
20.18,20.31439030026323,-0.13438999508744942
5.0,5.619723838042507,-0.619723838042507
5.25,7.185037187755498,-1.9350371877554977
15.0,9.222824717301048,5.777175282698952
4.25,17.40718182215698,-13.157181822156979
7.5,7.519310684723297,-0.019310684723296667
15.0,14.924895446272846,0.07510455372715441
7.25,9.92669957578029,-2.6766995757802903
18.0,11.35588840513642,6.644111594863579
23.08,11.925977923977314,11.15402199972874
9.98,11.925977923977314,-1.9459783817409857
6.0,11.83320844085307,-5.83320844085307
6.35,9.684135123001774,-3.3341352183692052
6.15,10.09330610479671,-3.9433060094292784
13.0,13.854986340382696,-0.8549863403826965
9.63,7.351643716771914,2.278356397669004
14.4,9.184315535952518,5.215684082577756
6.25,14.832125963148602,-8.582125963148602
10.93,9.017709006936098,1.9122912982396834
14.44,15.166399460116402,-0.7263998797331013
6.0,10.09330610479671,-4.09330610479671
4.75,8.05657901418612,-3.30657901418612
22.76,17.073968764124142,5.6860314647576935
14.4,16.169605748315448,-1.7696061297851742
5.75,13.100206084419192,-7.350206084419192
25.4,17.40612138322202,7.993878235308255
15.75,7.68485677480475,8.06514322519525
11.0,14.091862801190754,-3.0918628011907536
6.0,7.7811933720295325,-1.7811933720295325
7.5,6.952576070173855,0.5474239298261452
13.7,14.93393834253476,-1.2339385332696224
7.5,6.657872193489547,0.8421278065104527
7.2,7.285789128206691,-0.08578931894155417
9.0,8.194779697050883,0.8052203029491167
17.0,16.68729733366181,0.31270266633818977
4.75,16.257747678404193,-11.507747678404193
5.6,10.426519162829546,-4.826519258196978
9.56,11.850020000215213,-2.290019580598514
12.2,13.854986340382696,-1.6549865311175598
12.5,21.555533488205295,-9.055533488205295
27.2,19.6694032965952,7.530597466344254
29.97,22.243398716668615,7.726600596685877
9.0,23.479914351575182,-14.479914351575182
7.74,11.592764865944478,-3.8527650948263137
22.22,18.910207697405284,3.3097916159492087
13.65,12.09258445299373,1.5574151655365434
4.85,6.518611071689822,-1.6686111670572537
12.98,15.998371666263534,-3.0183721240272057
5.0,12.516446116280889,-7.516446116280889
16.0,12.925617098075826,3.0743829019241744
11.25,12.333028027902326,-1.0830280279023263
6.5,5.416729005547481,1.0832709944525192
6.2,6.352004542673402,-0.15200473340826548
5.0,10.01734818103461,-5.01734818103461
6.94,8.480440677473275,-1.5404406202528165
50.0,9.442631109158217,40.557368890841786
10.84,11.092945278895222,-0.25294512630733124
34.96,23.55481183640232,11.405187248070337
5.9,6.785969541157435,-0.8859694457900034
4.4,4.711793708133275,-0.31179361276584316
6.0,12.925617098075826,-6.925617098075826
13.0,11.351260852100921,1.6487391478990787
5.7,4.981703568128488,0.7182962411366489
8.65,16.907362235107723,-8.25736261657745
7.45,11.183593884149541,-3.7335940748844045
14.07,13.092223627092242,0.9777760677319769
6.0,12.500694995853706,-6.500694995853706
9.93,10.956820758538356,-1.0268204533625749
12.2,15.599304019665471,-3.3993042104003344
7.08,12.258130543075186,-5.178130619369131
8.98,8.851102477919682,0.1288970643166465
13.45,15.407903473959959,-1.9579036646948218
5.75,7.018430658739078,-1.268430658739078
5.05,17.5737883511734,-12.523788160438535
13.2,14.16569984708293,-0.9657000378177933
31.25,15.333005989132818,15.916994010867182
5.75,8.723005130251796,-2.9730051302517957
6.5,11.83320844085307,-5.33320844085307
6.25,11.288973377636232,-5.038973377636232
18.75,13.122705635751796,5.627294364248204
5.3,7.952215244272363,-2.6522150535374998
2.08,6.119543425091759,-4.039543501385705
9.0,8.52799275508372,0.47200724491628065
11.75,16.407542648058467,-4.657542648058467
8.08,11.27993048137432,-3.1999305576682655
9.0,12.25919098201015,-3.25919098201015
10.0,19.073247112321166,-9.073247112321166
7.7,10.25991263381313,-2.559912824547993
9.0,9.61828053443655,-0.6182805344365505
8.0,9.790575055423428,-1.790575055423428
18.0,13.18856022431702,4.811439775682979
11.25,10.29039464247268,0.9596053575273196
7.5,10.593125691845966,-3.093125691845966
7.0,8.043924288461646,-1.0439242884616462
7.97,7.119182599190271,0.8508171910013793
8.69,9.684135123001774,-0.9941355426184728
12.38,11.091884839960258,1.2881152744806599
18.97,11.592764865944478,7.377234447410014
4.25,7.018430658739078,-2.768430658739078
11.0,13.424376246190118,-2.4243762461901177
4.35,8.3613862260673,-4.011386321434731
5.5,12.34983958726447,-6.849839587264469
2.78,-3.5939525202252716,6.373952491615042
11.0,16.66585822126417,-5.66585822126417
10.7,8.184676361854006,2.515323447411131
14.17,17.165677808313422,-2.9956777320194767
4.75,-3.7605590492416896,8.510559049241689
24.03,21.38892695918888,2.6410737274566287
8.0,9.425819549796074,-1.4258195497960742
9.82,18.738973615353366,-8.918973920529147
3.84,16.16497819527995,-12.324978281110639
3.84,13.665880260033674,-9.825880345864363
6.91,13.258830156108662,-6.348830308696552
5.0,4.083876773416133,0.916123226583867
15.0,13.258830156108662,1.7411698438913383
5.75,9.850741652018193,-4.100741652018193
13.8,7.518250245788334,6.2817499449465295
16.0,9.850741652018193,6.149258347981807
11.25,13.842590124246968,-2.5925901242469678
19.0,12.759010569059406,6.240989430940594
9.5,9.017709006936098,0.4822909930639021
5.75,9.850741652018193,-4.100741652018193
9.5,8.94743907514446,0.5525609248555394
14.0,12.42579751102657,1.5742024889734303
19.23,7.740177515515428,11.489822026720901
17.5,7.018430658739078,10.481569341260922
10.0,8.351282890870426,1.6487171091295743
5.5,10.01734818103461,-4.51734818103461
7.0,5.286510780009667,1.7134892199903327
8.0,10.09330610479671,-2.09330610479671
7.0,13.499273731017254,-6.499273731017254
8.0,9.760093046763874,-1.760093046763874
4.25,8.452034831321619,-4.202034831321619
13.75,17.5737883511734,-3.8237883511733983
11.0,10.194058045247903,0.8059419547520967
4.5,9.118460947387295,-4.618460947387295
7.5,11.925977923977314,-4.425977923977314
31.47,12.592404040042986,18.877595273311506
8.0,11.183593884149541,-3.1835938841495413
38.75,12.832847614951579,25.91715238504842
9.25,12.759010569059406,-3.509010569059406
14.0,10.35162167800241,3.6483783219975905
8.0,11.426158336928058,-3.426158336928058
11.05,14.09080236225579,-3.0408021715209266
7.0,10.35056123906745,-3.3505612390674493
4.5,6.685217600706242,-2.185217600706242
6.4,11.83320844085307,-5.433208345485639
14.5,12.09258445299373,2.40741554700627
5.0,8.851102477919682,-3.8511024779196816
7.25,6.518611071689822,0.731388928310178
10.0,10.446897836292228,-0.44689783629222823
2.12,7.609959289977613,-5.489959404418531
6.9,9.350922064968938,-2.450921969601506
13.5,17.64762539706557,-4.147625397065571
2.9,11.1133239523579,-8.213323856990469
7.65,8.351282890870426,-0.7012827955029941
15.0,20.23843237650113,-5.23843237650113
20.0,15.407903473959959,4.5920965260400415
7.7,9.684135123001774,-1.9841353137366369
11.0,11.759371394960894,-0.759371394960894
7.0,8.851102477919682,-1.8511024779196816
9.0,12.355527579234929,-3.355527579234929
7.69,11.259551807911638,-3.569551750691179
13.0,10.925278310943842,2.074721689056158
8.44,11.516806942182377,-3.0768073617990765
16.16,15.594888676439057,0.5651111709730525
12.0,14.907023447975739,-2.907023447975739
8.15,11.117739295584315,-2.967739677054041
6.97,8.501879789870918,-1.5318799996792674
15.84,12.999454143967998,2.840546008619892
11.5,11.925977923977314,-0.4259779239773138
16.0,12.43377996835352,3.5662200316464805
14.5,15.029214500824573,-0.5292145008245726
7.5,12.268233878272063,-4.7682338782720635
8.52,6.110500528829849,2.4094999289338226
16.83,18.648325010099047,-1.818325086392992
7.95,10.31311249665388,-2.3631126873887425
6.43,12.016626529231633,-5.58662670089301
6.0,10.451313179518642,-4.4513131795186425
6.0,10.934321207205752,-4.934321207205752
9.11,6.685217600706242,2.4247820559710043
5.75,8.01806983283759,-2.2680698328375897
17.33,10.517167768083866,6.812832155622189
4.0,12.016626529231633,-8.016626529231633
11.0,15.091501975289265,-4.091501975289265
8.0,11.693516806395671,-3.693516806395671
6.0,11.999814969869487,-5.999814969869487
9.24,18.24021446723907,-9.000214696120906
8.1,11.426158336928058,-3.3261579554583314
6.0,5.119904250993251,0.8800957490067489
9.0,6.119543425091759,2.8804565749082407
6.0,5.119904250993251,0.8800957490067489
9.0,8.881584486579236,0.11841551342076428
13.0,11.055496536481652,1.9445034635183482
4.5,8.118821773288783,-3.618821773288783
12.5,15.406843035024995,-2.9068430350249947
8.33,22.48027517747667,-14.150275253770616
10.1,11.091884839960258,-0.9918844584905315
11.0,10.25991263381313,0.7400873661868701
9.61,19.906279757403258,-10.296280100726012
5.0,7.85146330382117,-2.85146330382117
5.75,3.7780091225999897,1.9719908774000103
4.33,18.648325010099047,-14.318325086392992
18.0,17.104450772783697,0.8955492272163035
10.0,14.354805927431952,-4.354805927431952
19.23,20.40609934445251,-1.1760998022161822
18.0,12.696723094594716,5.3032769054052835
19.25,7.119182599190271,12.130817400809729
17.5,13.021953695300605,4.4780463046993955
5.0,9.426879988731034,-4.426879988731034
18.28,13.166060672984418,5.1139400136610895
5.1,11.850020000215213,-6.750020095582645
8.0,11.83320844085307,-3.8332084408530704
15.32,13.258830156108662,2.061169538715557
5.25,7.68485677480475,-2.43485677480475
11.33,13.18856022431702,-1.858560300610966
20.25,18.40682099625549,1.8431790037445097
15.91,18.668703683561723,-2.758703836149614
14.0,14.258469330207173,-0.25846933020717344
12.3,21.05571390115604,-8.755713710421176
14.0,13.35516675333344,0.6448332466665594
25.0,20.23843237650113,4.76156762349887
4.8,9.2760245801418,-4.476024389406938
4.25,5.165121656507051,-0.9151216565070506
10.0,11.851080439150177,-1.8510804391501772
5.2,6.851824129722658,-1.6518243204575214
9.0,13.000514582902962,-4.000514582902962
5.25,8.05657901418612,-2.80657901418612
12.0,9.350922064968938,2.6490779350310625
15.0,12.855347166284185,2.1446528337158153
10.44,10.592065252911002,-0.15206567252770142
7.5,14.09080236225579,-6.59080236225579
6.0,9.426879988731034,-3.4268799887310344
7.56,9.92563913684533,-2.365639194065789
8.0,7.185037187755498,0.8149628122445023
15.0,16.66585822126417,-1.6658582212641697
18.0,13.925256272174334,4.074743727825666
4.25,6.185398013656986,-1.935398013656986
6.0,15.424715033322101,-9.424715033322101
22.22,12.592404040042986,9.627595273311506
6.0,8.851102477919682,-2.8511024779196816
1.67,16.407542648058467,-14.737542690973811
13.35,19.169583709545947,-5.81958332807622
10.5,11.259551807911638,-0.7595518079116381
27.88,8.906423218630358,18.973575942136243
5.25,7.018430658739078,-1.768430658739078
6.83,13.83248678905009,-7.002486865344036
14.75,11.526910277379251,3.223089722620749
5.0,6.685217600706242,-1.6852176007062418
4.0,8.517889419886846,-4.517889419886846
9.62,16.670485774299664,-7.050485888740582
12.0,10.926338749878802,1.073661250121198
9.0,10.01734818103461,-1.0173481810346097
5.0,8.210530817478066,-3.210530817478066
12.1,16.670485774299664,-4.570485392829937
12.0,13.092223627092242,-1.0922236270922419
9.72,9.350922064968938,0.3690782020598711
12.98,16.75756726545345,-3.777567723217121
12.5,9.769937872372005,2.7300621276279955
10.0,11.789853403620448,-1.789853403620448
6.05,8.313834148456856,-2.2638339577219924
10.85,9.118460947387295,1.731539434082432
24.03,21.835288173808642,2.1947125128368654
15.81,8.184676361854006,7.625324057762693
12.98,10.192997606312943,2.787001935923385
2.13,7.85146330382117,-5.721463189380252
16.58,12.25919098201015,4.320808941695905
21.45,19.239853641337582,2.210147121601871
13.14,11.183593884149541,1.9564064591732127
1.67,10.942089870305985,-9.272089913221329
7.0,10.426519162829546,-3.426519162829546
14.9,16.24093611904205,-1.340936500511777
5.9,11.350200413165958,-5.450200317798526
10.0,13.688379811366277,-3.6883798113662767
